"","P_PAIR1A","P_PAIR1B","P_PAIR2A","P_PAIR2B","P_PAIR3A","P_PAIR3B","P_PAIR4A","P_PAIR4B","P_PAIR5A","P_PAIR5B","P_PAIR6A","P_PAIR6B","P_PAIR7A","P_PAIR7B","P_PAIR8A","P_PAIR8B","P_PAIR9A","P_PAIR9B","P_PAIR10A","P_PAIR10B","P_PAIR11A","P_PAIR11B","P_PAIR12A","P_PAIR12B","P_PAIR13A","P_PAIR13B","P_PAIR14A","P_PAIR14B","P_PAIR15A","P_PAIR15B","P_PAIR16A","P_PAIR16B","P_PAIR17A","P_PAIR17B","P_PAIR18A","P_PAIR18B","P_PAIR19A","P_PAIR19B","P_PAIR20A","P_PAIR20B","P_PAIR21A","P_PAIR21B","P_PAIR22A","P_PAIR22B","P_PAIR23A","P_PAIR23B","P_PAIR24A","P_PAIR24B","P_PAIR25A","P_PAIR25B","P_PAIR26A","P_PAIR26B","P_PAIR27A","P_PAIR27B","P_PAIR28A","P_PAIR28B","P_PAIR29A","P_PAIR29B","P_PAIR30A","P_PAIR30B"
"1",31,44,24,69,13,45,7,38,5,28,18,20,46,66,3,40,23,52,50,62,26,58,21,64,59,68,12,17,60,63,1,10,11,70,30,72,6,55,32,67,37,48,27,54,16,47,14,71,34,51,35,56,29,43,15,22,9,61,25,42
"2",28,55,49,63,43,51,59,65,41,72,52,53,60,68,5,69,19,31,3,61,21,58,1,45,25,26,11,20,9,30,35,40,22,46,12,56,38,67,32,62,7,36,34,47,29,37,10,23,8,71,16,18,13,15,33,50,14,27,24,39
"3",28,50,1,39,11,59,32,41,42,67,4,15,20,49,16,38,31,70,30,33,29,35,44,53,37,47,6,13,10,51,36,69,19,57,7,17,8,63,68,72,45,58,26,55,22,23,43,61,18,71,3,46,5,34,2,24,12,62,14,54
"4",18,61,6,23,25,29,41,52,10,14,54,69,36,60,24,33,62,68,19,64,15,58,37,42,20,66,22,56,9,45,8,34,2,27,40,59,16,28,21,44,43,63,50,72,1,12,4,35,46,71,11,47,5,49,26,32,30,31,55,67
"5",15,30,21,36,33,49,44,66,20,28,19,29,40,57,51,60,22,24,5,46,52,68,9,70,26,67,13,64,58,61,39,54,10,71,18,45,41,48,2,23,8,62,14,56,3,25,4,55,53,63,1,27,35,69,43,59,32,38,6,12
"6",2,45,52,69,11,12,9,29,34,55,21,64,27,40,44,58,18,63,14,67,3,65,59,72,6,51,35,43,53,56,46,54,23,31,10,19,20,47,16,38,7,49,60,71,1,32,33,39,50,68,17,57,4,24,36,42,41,70,37,62
"7",53,66,43,58,38,56,4,22,13,23,6,62,19,69,15,61,29,72,7,24,8,30,25,70,11,37,32,57,21,39,20,67,12,35,28,41,18,68,16,27,17,36,26,49,1,47,2,34,10,45,14,71,60,63,3,55,42,52,40,59
"8",2,60,22,57,13,68,28,32,45,66,12,67,11,50,48,70,42,47,34,46,43,58,15,55,1,49,5,36,41,62,39,53,17,31,19,61,26,56,10,18,4,71,23,44,16,37,6,33,8,40,24,52,9,30,3,7,59,69,35,63
"9",17,43,37,66,14,29,15,49,22,26,23,52,58,68,7,51,39,57,34,59,16,71,24,41,4,12,36,69,10,33,9,18,31,70,32,63,35,44,6,67,5,8,1,3,42,60,38,47,19,21,11,46,50,55,20,62,45,72,2,48
"10",56,65,7,46,21,22,53,60,11,51,40,68,31,58,13,39,44,72,55,59,1,45,15,29,14,26,25,32,12,23,4,54,57,67,20,47,6,35,17,66,34,52,8,69,9,71,16,61,37,63,36,41,43,49,48,70,18,33,24,28
"11",3,25,18,38,20,51,7,17,26,61,39,53,28,68,2,55,42,50,21,41,47,65,57,58,4,15,6,19,10,22,49,62,31,36,27,35,16,66,8,64,11,43,29,34,44,56,5,72,13,60,14,46,9,45,30,54,32,63,69,70
"12",4,56,16,58,52,71,27,38,23,62,40,55,17,45,5,42,11,18,48,66,49,53,50,67,21,69,28,32,24,54,2,26,7,8,39,47,37,70,1,20,30,33,34,68,15,31,61,64,13,35,25,46,12,59,43,44,57,65,10,29
"13",18,27,11,48,20,32,26,28,51,52,3,64,6,47,25,55,19,46,23,58,1,37,2,8,12,44,22,24,31,41,17,49,16,59,61,65,7,67,66,71,50,57,5,53,9,38,14,70,40,72,21,69,13,34,29,30,39,60,10,43
"14",47,61,9,25,65,72,22,30,16,37,10,12,59,64,18,53,3,6,20,50,44,49,5,35,52,70,24,54,19,40,17,48,32,45,15,62,1,28,42,43,21,69,23,71,4,29,31,46,27,34,11,66,41,56,7,26,8,55,38,39
"15",17,50,26,62,19,72,8,27,40,53,44,49,48,69,30,46,6,24,7,34,31,43,10,28,16,59,11,23,4,12,18,68,38,63,29,71,65,67,14,61,42,51,20,57,22,37,47,54,45,52,39,55,21,66,3,56,1,13,2,60
"16",33,58,36,40,23,57,5,72,18,21,20,43,34,71,11,47,13,46,7,39,16,52,24,59,27,63,3,4,42,68,30,67,29,44,26,45,51,69,15,65,14,66,12,64,8,56,48,49,31,54,25,37,9,70,6,38,19,22,60,61
"17",38,45,6,33,7,55,20,36,39,66,17,47,4,35,18,46,11,70,23,25,31,34,26,61,37,60,32,48,13,54,5,62,50,58,15,41,3,56,43,64,51,65,9,19,10,27,21,42,8,52,68,72,53,69,16,29,14,44,40,59
"18",46,67,1,20,41,43,38,44,33,65,27,59,3,57,31,32,13,55,21,48,5,7,12,34,2,24,35,53,22,39,29,72,45,66,36,52,37,49,8,15,50,64,19,58,26,63,69,70,14,40,4,9,23,47,10,68,56,61,42,71
"19",1,32,18,58,53,55,48,57,4,54,35,60,34,52,30,31,29,72,15,43,26,27,6,12,8,10,11,25,17,61,56,65,3,42,40,71,23,51,24,59,14,33,47,50,9,66,36,44,16,68,5,70,38,69,46,63,2,45,41,49
"20",5,15,56,65,4,12,2,14,17,67,23,42,33,40,28,35,46,59,13,66,6,25,7,29,68,71,3,24,32,53,20,52,41,57,48,60,44,49,30,58,22,47,11,61,63,72,21,37,19,50,27,69,51,62,1,10,16,31,54,70
"21",18,49,55,69,38,61,8,40,28,29,43,67,2,58,65,66,26,56,20,64,14,35,12,46,4,71,5,60,3,37,11,24,17,44,16,53,6,45,7,32,47,57,23,36,41,62,9,59,10,50,22,34,21,51,52,68,42,70,27,48
"22",21,37,2,52,14,58,32,40,6,27,41,50,56,62,8,13,36,68,60,61,25,47,43,48,28,35,23,69,42,70,59,67,24,39,18,49,29,46,4,66,34,57,16,51,65,71,7,53,3,72,12,31,5,22,20,33,10,15,9,44
"23",36,47,56,58,16,19,53,71,13,49,12,18,21,28,59,64,7,50,14,67,39,45,46,72,10,57,11,15,31,52,29,68,40,44,37,66,20,54,38,65,23,51,4,55,9,25,6,62,1,30,33,35,3,60,42,48,8,24,61,69
"24",34,61,36,60,53,69,25,29,35,44,47,70,49,58,32,52,14,18,16,23,8,54,42,64,20,21,22,55,17,19,46,57,51,63,27,38,4,33,3,9,2,28,39,56,6,10,11,12,15,30,31,66,43,67,37,45,7,72,40,62
"25",45,48,18,70,11,34,43,50,35,56,9,68,12,52,8,14,28,46,66,72,19,63,26,54,15,33,22,53,29,31,58,60,5,44,13,21,27,55,49,57,10,47,40,69,17,61,24,59,62,64,4,32,16,39,2,67,7,37,51,65
"26",47,64,8,56,37,59,10,67,35,39,3,51,4,43,15,32,7,63,34,54,30,50,57,61,12,70,6,65,17,62,22,48,2,66,5,24,25,44,33,42,19,52,9,41,16,58,49,68,18,53,14,20,45,55,13,27,21,72,11,28
"27",30,36,42,61,20,54,8,21,26,46,15,64,48,71,33,38,2,5,9,56,19,34,6,70,52,69,4,28,3,68,17,65,11,62,14,55,25,40,45,49,43,50,35,39,12,13,59,66,22,31,41,47,18,27,23,58,24,44,16,32
"28",58,69,1,18,24,36,19,54,32,55,6,72,53,61,17,68,5,67,15,20,64,66,28,35,29,63,38,60,25,49,34,52,21,57,40,46,48,65,39,71,16,47,30,59,26,51,33,62,7,41,9,27,3,8,44,50,12,14,23,70
"29",8,56,19,67,1,65,32,49,4,41,47,68,46,48,7,52,6,18,16,60,58,72,33,55,14,21,44,63,2,34,28,69,12,43,15,29,23,39,17,24,30,35,36,37,45,51,3,20,10,59,13,53,25,38,9,31,11,71,54,62
"30",51,57,20,41,28,70,14,56,16,63,34,66,55,59,12,64,43,67,29,72,21,30,42,71,23,38,39,50,10,45,13,49,32,65,2,35,40,60,17,53,11,26,7,52,15,44,25,48,46,69,4,27,9,58,6,31,8,22,62,68
"31",16,24,31,65,2,26,11,64,20,27,6,49,32,46,12,30,36,39,9,17,34,41,25,45,28,71,55,58,35,72,54,63,1,62,37,57,43,53,18,60,23,56,44,47,19,48,7,50,10,13,22,33,59,68,4,52,5,8,40,42
"32",10,49,48,62,19,52,14,61,39,44,34,66,22,67,5,57,31,45,6,42,17,21,3,29,37,47,33,36,9,35,8,27,43,68,16,60,4,53,1,2,55,64,46,56,63,69,51,72,28,32,26,30,7,58,13,18,54,59,25,71
"33",11,17,16,71,6,46,20,62,12,32,21,60,4,64,10,52,56,70,13,69,35,72,1,55,45,59,57,66,34,53,2,39,7,37,15,67,42,58,23,65,25,30,14,38,18,51,3,68,41,61,27,40,5,33,31,36,43,44,19,54
"34",31,42,16,49,20,72,6,21,32,39,9,34,11,52,41,46,59,62,2,33,55,67,8,45,40,63,14,35,3,29,38,64,13,54,18,30,37,51,47,48,10,23,17,65,50,71,22,60,7,28,25,70,19,43,4,5,1,12,61,68
"35",8,50,16,53,9,62,15,43,13,30,37,55,58,61,11,24,17,48,36,60,38,47,59,66,5,35,12,29,6,44,2,14,33,69,39,41,27,45,28,42,68,72,3,63,32,70,4,23,10,22,31,52,26,40,46,65,19,67,25,49
"36",1,32,34,38,26,31,29,58,10,62,64,67,17,22,14,48,35,66,42,46,5,63,2,37,21,45,41,56,25,57,19,51,6,53,7,20,3,18,39,65,8,60,27,49,15,23,11,52,12,44,43,71,54,68,47,70,4,69,16,55
"37",18,33,35,39,50,69,4,65,10,13,37,38,47,57,40,71,25,60,30,36,6,45,53,66,20,27,9,51,8,72,23,67,43,49,59,63,19,26,24,62,21,22,5,48,29,56,42,54,1,46,44,70,41,58,16,31,2,17,28,68
"38",29,36,7,54,13,52,38,62,2,21,56,68,11,37,44,60,10,51,25,28,67,70,12,15,45,58,20,72,4,40,8,41,9,63,16,71,33,42,6,17,49,69,31,64,27,61,39,55,19,35,24,65,18,59,5,22,3,57,48,53
"39",10,18,31,64,27,53,23,37,44,63,30,72,1,41,17,28,48,49,4,22,47,51,33,57,19,56,24,52,60,69,21,32,15,20,42,61,5,40,11,36,9,70,7,12,14,54,67,71,3,29,2,68,38,43,58,66,26,50,35,65
"40",53,54,39,72,19,32,3,16,1,64,31,57,51,55,6,65,10,11,41,70,35,71,15,24,47,58,60,66,34,62,36,59,26,43,17,38,2,40,22,63,48,67,14,44,7,20,12,33,29,49,8,50,30,68,23,69,18,25,42,45
"41",8,40,12,72,1,14,47,65,50,64,24,66,22,62,19,59,7,20,16,43,27,58,36,44,51,56,48,55,3,23,46,54,45,71,6,11,41,42,9,26,5,29,2,35,49,63,25,28,34,52,31,69,17,57,18,60,30,61,15,21
"42",11,54,7,68,22,67,4,44,57,64,58,62,29,66,43,70,36,56,65,72,17,31,20,33,15,69,5,37,10,52,16,42,49,60,2,12,14,51,38,48,30,32,1,59,21,23,9,47,28,45,19,24,13,26,8,55,50,53,27,61
"43",45,52,12,36,3,69,39,59,19,49,40,43,21,72,23,61,13,37,24,29,31,55,38,50,17,25,7,27,8,41,33,65,30,56,2,47,42,60,35,57,20,51,34,54,6,46,70,71,1,58,16,63,18,44,10,32,15,48,62,66
"44",26,37,9,45,7,48,68,69,63,65,18,61,15,25,27,49,2,46,11,66,4,6,29,39,55,67,5,38,23,56,41,53,1,36,57,70,34,43,54,64,16,44,51,59,52,58,12,32,8,10,22,47,13,50,20,31,30,33,35,42
"45",23,66,9,12,48,68,32,47,2,43,3,59,22,62,20,26,1,69,33,44,50,65,13,30,35,51,8,63,4,11,36,57,15,16,38,42,6,45,58,67,40,70,7,61,24,60,31,41,19,37,28,55,14,52,18,49,17,34,25,56
"46",5,66,2,33,48,54,44,46,8,20,10,19,12,21,4,42,11,64,49,65,16,37,27,28,43,55,38,39,13,67,15,52,14,41,25,57,60,61,32,56,24,69,3,17,26,31,45,53,6,29,34,50,9,18,1,36,59,71,7,62
"47",20,45,12,72,9,18,24,36,7,71,21,57,5,58,11,54,3,13,41,53,64,68,29,38,17,43,4,34,25,60,6,33,15,35,63,67,14,28,2,23,32,44,31,39,49,65,40,47,19,48,55,62,8,27,30,69,56,66,37,61
"48",31,67,32,63,9,49,33,72,57,64,20,46,19,42,27,71,2,10,13,55,48,68,3,60,29,38,8,15,28,37,65,69,17,62,7,44,59,61,21,36,1,47,14,24,45,66,22,58,40,50,41,54,26,53,4,43,30,34,12,56
"49",26,68,24,33,27,59,20,56,40,47,57,70,10,28,16,55,14,22,8,67,61,71,18,21,43,52,37,42,3,17,36,58,4,30,53,62,15,34,32,69,44,63,48,49,23,72,19,45,6,29,11,51,5,9,39,66,1,31,25,50
"50",15,64,45,50,10,56,2,8,39,62,43,68,54,59,13,58,46,57,34,36,55,71,29,33,25,70,6,11,7,60,4,38,12,17,40,41,32,51,19,72,37,48,30,35,21,65,9,22,23,26,16,66,61,67,20,63,44,69,1,24
"51",15,54,21,62,14,22,10,39,45,68,35,60,13,67,34,57,16,51,30,37,33,59,26,64,36,72,28,71,4,53,6,49,38,56,24,41,20,70,7,29,11,23,2,55,31,43,32,42,18,27,44,50,9,46,12,61,1,40,3,58
"52",27,36,31,55,12,63,56,71,21,37,7,45,17,53,30,69,4,51,6,10,20,60,2,41,23,57,62,65,66,67,61,68,39,59,24,48,8,19,22,34,13,49,32,58,28,44,14,33,5,52,54,64,11,50,29,47,3,70,1,38
"53",31,39,28,67,7,62,4,48,17,71,19,65,8,70,21,40,55,63,18,35,45,52,25,60,20,41,11,24,46,72,1,26,32,47,12,68,9,30,34,66,16,33,5,43,22,49,27,57,53,61,37,54,29,51,6,10,44,58,15,38
"54",19,45,10,36,2,66,24,44,16,56,7,29,46,69,50,52,8,42,60,72,70,71,20,64,21,27,3,31,22,55,47,63,23,30,26,62,57,59,11,32,41,49,9,28,37,38,13,35,1,54,12,15,14,17,48,53,34,43,40,67
"55",19,45,53,58,2,64,38,69,14,54,56,70,3,63,34,55,17,66,26,30,39,46,59,60,27,40,37,48,9,22,6,49,1,43,5,61,10,36,8,44,18,50,7,25,33,52,21,29,20,23,65,72,28,32,13,42,31,41,16,24
"56",13,20,40,42,16,59,5,23,17,22,45,71,24,67,46,70,19,48,29,52,27,28,30,64,15,62,1,37,43,56,8,61,6,51,35,39,25,54,36,49,7,18,38,55,3,69,32,53,2,47,12,65,41,60,26,68,50,66,10,44
"57",27,41,50,53,32,52,49,68,25,58,11,48,22,37,39,62,43,46,63,72,33,55,54,71,45,56,1,10,40,65,8,23,13,67,17,31,60,69,44,70,7,12,3,42,6,36,14,30,4,64,18,35,24,51,2,5,26,29,16,19
"58",27,70,17,44,6,50,25,51,35,41,8,23,15,40,14,58,28,53,54,56,68,72,18,19,2,37,55,59,29,33,24,47,30,49,5,66,7,11,1,39,9,65,36,63,4,67,38,52,10,31,26,43,12,21,3,48,64,69,16,22
"59",17,25,16,35,3,43,9,32,19,58,11,27,6,10,2,13,47,63,48,65,37,69,8,36,39,51,23,33,44,57,31,53,38,49,34,41,30,62,20,54,12,64,7,42,14,21,15,26,5,66,22,67,52,71,56,72,28,40,45,70
"60",28,39,36,44,48,53,32,61,43,64,25,57,12,52,24,56,8,18,37,49,13,23,3,19,38,66,17,46,2,51,41,58,16,69,34,60,31,63,5,30,68,71,29,54,1,22,11,26,35,62,4,70,10,65,7,72,9,15,40,42
"61",27,29,41,49,45,61,47,67,32,34,13,36,17,65,26,39,16,52,46,62,42,59,1,68,25,66,10,57,9,40,69,70,7,51,50,71,48,56,21,43,19,24,11,33,15,35,3,54,38,58,28,64,2,20,14,23,5,18,30,55
"62",16,71,12,70,33,59,21,47,1,15,27,57,10,37,6,60,50,64,3,9,28,30,19,43,17,24,49,51,29,42,38,40,13,44,20,55,36,45,11,65,34,68,8,67,23,41,2,53,22,35,31,62,4,72,54,56,5,58,26,39
"63",24,41,61,67,44,69,1,68,47,55,36,59,37,56,28,46,23,63,19,60,8,62,2,12,4,43,3,54,5,42,22,40,26,64,9,27,32,49,11,38,31,39,16,50,7,21,34,57,14,18,20,48,29,53,45,51,10,33,25,35
"64",18,27,8,20,2,29,4,33,25,43,36,54,53,57,24,62,60,64,16,69,30,42,17,46,21,32,13,55,12,34,10,52,26,38,11,68,47,65,23,35,6,9,59,72,3,63,45,50,49,58,7,14,56,66,40,61,22,44,15,71
"65",19,42,31,49,26,72,12,60,22,41,2,30,11,16,5,71,25,64,53,59,3,66,13,43,39,61,29,50,20,46,10,54,4,15,32,65,23,56,40,55,17,35,27,67,38,44,8,21,45,58,47,51,36,62,1,52,6,34,14,28
"66",23,26,24,44,14,46,31,62,28,56,42,71,52,58,40,48,7,36,9,69,2,3,19,20,66,67,13,27,39,72,8,33,37,70,38,49,32,35,16,60,1,11,41,43,21,29,15,57,45,54,25,34,12,63,5,6,47,61,10,51
"67",15,68,2,40,7,50,13,35,31,66,9,53,25,52,36,67,17,39,18,60,33,71,23,26,59,61,1,11,32,58,34,70,38,57,4,42,29,62,45,46,30,64,44,56,28,49,20,63,16,43,12,19,3,10,27,51,24,65,55,72
"68",10,25,11,40,38,51,1,43,9,66,47,57,13,29,19,53,12,26,14,21,37,69,41,61,23,70,3,55,49,68,16,36,42,65,6,54,2,7,4,64,20,30,44,50,52,63,15,17,39,48,35,60,31,32,59,72,8,67,22,71
"69",17,24,37,60,8,53,2,28,32,58,27,55,6,56,7,51,13,70,15,71,19,36,25,38,10,21,64,66,46,72,9,20,1,41,40,45,23,63,29,47,4,30,16,18,54,61,44,59,57,67,11,62,42,68,35,65,3,31,12,43
"70",30,35,2,10,19,71,50,61,7,13,41,45,39,51,66,70,25,54,26,38,14,56,6,34,1,69,8,24,33,37,28,57,22,63,3,20,9,23,53,65,11,40,16,52,29,43,18,68,4,46,62,72,17,58,44,60,21,64,5,47
"71",42,64,10,28,41,58,11,49,25,55,53,62,4,47,26,60,39,70,15,35,40,68,16,66,20,30,36,50,14,27,2,72,18,56,13,22,38,54,48,52,7,61,12,23,17,37,6,9,29,51,43,71,5,65,45,63,24,46,32,59
"72",39,55,32,58,3,17,6,69,41,53,2,14,54,62,13,44,28,57,36,70,43,50,16,45,24,27,35,38,20,26,23,48,9,67,19,64,42,47,10,61,5,25,15,18,4,22,49,66,21,40,33,37,7,51,34,72,52,56,29,63
"73",23,59,5,22,44,45,6,40,24,50,4,11,38,60,42,68,29,41,31,37,49,64,21,54,30,33,15,65,1,13,18,63,16,46,14,53,2,56,9,27,17,43,3,8,20,61,26,47,58,62,48,66,36,67,12,25,35,71,39,57
"74",9,70,43,72,32,49,35,45,29,67,7,12,17,55,39,64,15,52,13,19,28,61,14,36,31,58,59,71,27,53,23,60,51,54,21,50,4,26,33,34,25,41,2,63,5,68,47,69,38,56,44,46,10,62,37,65,1,20,30,42
"75",7,48,6,25,52,58,4,61,18,41,15,30,11,39,16,20,5,51,36,66,33,68,28,40,1,2,32,38,35,63,24,26,27,50,42,49,8,29,64,67,47,53,21,57,12,34,31,70,19,71,54,56,22,37,17,23,55,65,9,45
"76",4,65,8,52,37,69,16,17,3,24,46,50,35,55,26,33,56,57,2,9,20,51,12,22,32,60,70,72,31,44,5,39,49,68,27,53,21,67,36,61,18,66,47,54,40,64,11,45,29,30,6,19,1,15,7,59,34,58,14,28
"77",43,69,46,65,50,58,32,66,3,67,10,17,38,48,12,40,6,25,34,70,5,19,21,61,55,62,29,64,14,60,51,53,7,54,1,8,35,71,2,57,37,41,9,31,13,23,4,59,24,28,18,42,22,47,20,63,27,72,16,26
"78",36,55,44,68,28,65,3,23,19,51,58,67,21,63,13,70,46,49,50,59,39,69,14,17,12,27,47,62,41,61,9,11,24,33,1,32,22,26,6,8,35,37,29,60,18,42,5,57,52,64,34,45,10,16,53,66,15,48,30,72
"79",34,37,44,55,19,38,32,66,52,69,5,28,41,43,21,42,62,70,9,49,24,63,35,58,31,64,18,68,25,46,29,30,6,26,12,14,2,27,13,57,10,17,4,48,40,71,50,61,15,36,1,33,59,67,20,60,3,51,39,72
"80",33,45,13,56,27,57,59,69,7,53,28,50,2,16,23,31,40,60,37,64,12,49,15,42,35,63,11,24,26,44,20,47,21,62,18,22,9,41,66,67,8,32,38,48,3,14,6,39,29,36,25,71,43,46,34,72,17,61,1,5
"81",16,58,14,56,8,17,2,7,4,69,33,37,21,24,51,59,23,32,57,63,15,70,25,44,49,54,28,50,9,10,11,47,68,71,60,65,29,40,1,36,34,46,22,39,13,48,5,31,35,55,12,27,42,62,26,43,6,41,18,67
"82",59,65,1,60,14,23,54,66,20,42,8,12,15,44,5,50,6,26,19,24,67,70,10,38,4,68,45,62,25,41,56,61,11,27,22,64,30,46,2,48,35,47,9,18,39,52,3,32,33,51,49,57,21,63,31,43,36,53,17,69
"83",28,41,33,48,8,17,36,63,22,27,2,43,42,54,1,57,12,39,45,72,14,71,64,67,31,61,32,55,13,21,58,59,25,37,50,68,29,60,5,66,47,52,15,69,34,62,19,38,18,49,11,46,6,53,4,65,24,35,9,23
"84",3,69,1,26,29,42,8,71,44,67,7,62,13,49,18,32,47,53,22,36,14,34,25,61,11,38,15,21,48,65,6,70,55,56,27,30,9,17,4,72,23,51,54,68,31,50,5,45,35,41,2,16,19,39,28,60,37,40,33,52
"85",10,61,39,42,8,72,11,56,46,54,38,52,4,19,7,53,2,30,1,24,47,60,12,55,50,65,3,14,16,29,28,71,25,58,27,41,32,57,6,59,44,63,66,70,48,68,17,33,23,49,22,69,35,45,13,37,9,20,15,51
"86",30,44,12,41,47,60,14,23,27,72,42,54,56,57,2,19,40,45,25,48,38,65,3,33,9,66,32,59,51,62,37,69,13,28,64,70,29,68,17,34,10,50,18,21,53,55,31,58,6,61,20,43,15,49,22,67,8,26,5,39
"87",63,68,14,25,20,39,48,67,17,30,42,43,31,54,49,60,1,21,23,72,2,44,51,58,46,52,5,8,24,35,3,19,6,13,18,26,45,65,9,38,29,36,57,61,56,59,40,55,15,41,27,28,10,64,32,33,37,62,12,22
"88",30,65,26,70,43,72,56,61,35,54,4,29,10,31,3,62,42,59,12,15,9,19,24,64,14,51,2,16,28,53,27,71,25,36,23,47,34,66,6,45,52,69,48,55,8,21,5,17,46,57,39,63,13,22,11,49,7,38,1,58
"89",20,69,29,63,42,49,14,60,34,35,26,57,44,52,9,41,11,15,32,48,24,40,18,19,27,64,50,65,28,38,4,39,22,56,46,54,6,47,17,59,10,67,13,62,16,43,36,68,33,71,2,7,31,45,21,66,37,70,5,12
"90",10,15,16,52,5,66,22,49,23,69,27,35,6,17,1,12,38,55,26,57,3,43,44,58,25,30,14,24,18,32,39,67,41,42,40,68,53,59,21,33,4,63,20,70,34,36,28,48,2,19,46,64,54,56,11,65,51,61,9,13
"91",5,6,45,48,46,58,57,61,3,39,22,60,4,24,12,18,10,43,25,42,13,69,1,62,21,38,14,65,52,56,7,55,41,68,47,66,8,44,11,29,20,71,9,32,36,70,27,63,2,35,53,59,28,51,54,72,26,33,15,17
"92",17,27,5,57,20,61,43,44,18,48,31,38,14,64,4,69,36,62,24,30,23,59,13,51,58,65,16,21,6,39,9,35,7,32,47,68,26,52,46,63,37,72,25,50,12,70,28,67,3,22,11,42,1,56,2,49,19,33,10,40
"93",61,72,24,32,66,71,9,34,12,57,7,59,3,46,31,36,20,67,13,53,4,47,18,26,37,41,19,55,8,42,10,43,14,27,33,65,52,54,45,56,11,40,1,28,39,44,2,25,29,50,23,63,51,69,6,30,49,58,17,68
"94",25,59,10,15,8,47,22,52,46,57,17,37,9,14,28,70,11,61,18,38,19,65,32,69,16,20,44,64,3,62,67,72,4,13,51,60,50,63,35,45,29,58,7,49,5,43,26,55,40,66,6,68,24,42,2,34,31,56,36,48
"95",16,60,25,26,69,72,45,63,39,40,61,64,54,62,30,44,4,21,23,33,35,42,6,31,3,18,14,57,41,59,29,55,48,52,22,36,7,65,12,53,66,68,32,43,46,47,37,67,5,13,24,58,2,38,17,49,1,34,8,51
"96",43,66,39,62,42,54,28,33,25,48,51,52,18,36,30,71,4,31,8,57,10,29,2,72,9,45,19,24,34,38,27,58,15,40,44,61,11,63,7,47,37,68,5,64,22,70,41,65,13,59,16,46,1,56,14,53,17,69,6,23
"97",36,38,14,42,8,30,34,62,19,55,18,58,48,51,16,22,20,67,24,68,10,29,2,25,64,69,9,56,21,33,44,65,32,70,17,71,3,66,11,39,1,60,5,40,4,7,49,50,37,57,31,59,47,61,6,26,12,28,27,53
"98",15,50,19,52,1,35,40,61,17,26,28,68,59,69,6,14,16,56,11,41,13,38,18,47,4,70,22,48,3,12,24,71,34,39,62,67,10,63,45,60,32,49,37,54,5,36,43,72,23,44,64,66,7,9,46,51,2,53,25,31
"99",3,35,14,51,29,48,4,31,42,66,45,54,34,68,1,6,32,71,9,67,28,72,8,44,16,39,7,57,43,56,10,64,49,70,52,60,18,33,41,69,11,25,23,46,36,47,12,62,19,30,37,53,22,55,20,26,38,40,61,63
"100",28,45,26,41,30,39,34,68,29,57,49,67,24,31,12,59,38,54,6,46,4,55,18,36,27,61,3,37,21,48,11,33,13,60,14,40,22,32,42,56,5,52,43,47,66,70,23,71,15,53,8,25,16,20,35,62,9,10,1,44
"101",21,42,6,34,12,61,1,66,4,32,23,56,47,52,46,64,15,37,2,69,16,30,40,67,11,63,13,41,18,68,9,53,39,54,3,33,35,48,22,71,55,60,25,59,24,26,7,8,45,51,38,57,31,44,17,43,14,19,28,58
"102",8,51,12,47,10,39,38,63,42,49,23,65,27,37,4,32,17,41,16,66,54,58,14,68,7,52,9,26,35,67,36,70,29,40,18,24,6,30,28,43,11,22,15,19,1,50,20,44,46,62,3,55,2,33,48,61,25,56,53,59
"103",26,34,22,59,17,43,27,58,45,70,20,32,16,41,29,40,19,67,30,31,25,64,35,61,7,18,68,71,23,57,33,62,6,37,2,63,8,49,14,60,69,72,15,28,38,66,13,21,46,55,5,52,10,39,36,56,1,24,3,9
"104",35,47,3,20,13,32,46,61,39,54,8,31,17,60,48,62,36,68,6,16,19,30,11,29,12,27,21,67,53,57,24,49,50,72,4,63,22,25,28,58,15,37,43,69,9,65,34,55,7,10,14,26,38,45,33,71,2,18,64,70
"105",35,57,16,67,40,46,30,41,13,66,11,29,14,37,5,8,2,42,62,63,1,72,33,61,44,55,9,71,3,47,36,38,19,25,34,50,20,69,18,70,6,65,4,68,15,48,27,39,24,64,23,59,22,53,56,58,21,31,7,17
"106",11,14,53,58,5,72,36,46,16,25,13,67,57,71,17,52,30,64,47,54,33,41,40,56,10,66,9,20,4,49,18,32,23,37,12,55,42,63,26,60,8,51,15,28,35,70,29,68,24,59,3,39,27,34,2,45,21,22,7,50
"107",57,65,24,53,31,40,18,22,21,60,29,68,32,70,43,59,38,69,6,71,4,27,26,52,19,44,8,35,15,55,17,33,30,54,11,20,41,62,25,28,34,39,45,46,42,61,5,51,9,12,1,72,37,63,7,14,10,56,49,67
"108",54,57,7,25,1,67,18,34,40,58,17,62,11,72,8,61,46,63,29,70,31,32,10,55,6,65,35,47,21,44,48,64,49,69,4,28,13,50,20,41,30,36,19,66,37,53,5,24,27,71,14,23,42,56,3,45,2,43,22,60
"109",12,31,30,59,25,56,11,67,23,62,33,46,24,48,8,68,27,66,14,40,44,64,4,6,10,43,1,57,34,60,21,39,58,72,15,26,17,42,3,13,45,54,20,71,38,53,32,55,2,29,9,47,18,65,16,69,35,36,41,70
"110",9,16,51,61,58,70,43,57,20,25,52,64,12,35,17,69,62,63,2,54,15,55,48,60,3,22,7,28,10,27,33,68,34,40,1,49,6,71,46,47,32,66,14,36,29,56,26,45,42,44,31,37,5,38,53,72,23,59,18,19
"111",20,24,22,48,11,28,17,18,29,70,19,71,3,38,9,12,7,26,36,41,16,49,39,60,51,68,5,42,56,72,25,67,1,2,62,63,34,61,43,57,23,45,32,66,10,65,59,69,21,54,37,46,30,40,52,53,44,55,13,64
"112",30,70,60,66,11,31,51,64,14,62,18,48,47,53,6,69,9,44,27,38,8,16,5,67,4,59,23,28,54,55,13,71,36,37,17,40,20,34,26,63,25,39,50,65,24,68,19,42,15,22,21,57,41,43,35,58,29,49,12,52
"113",30,46,8,22,25,65,24,43,4,70,40,53,1,38,9,58,21,28,41,62,42,52,17,20,14,60,27,32,10,47,3,68,5,35,16,45,50,63,15,59,23,34,2,37,13,64,19,29,7,54,6,31,11,67,49,56,33,66,57,69
"114",28,66,13,31,2,60,33,63,10,24,6,53,49,54,46,68,5,20,4,21,40,67,32,51,61,71,7,14,15,41,44,62,36,38,3,72,39,52,8,30,26,69,12,50,9,22,17,29,27,55,23,37,34,64,16,25,11,58,45,59
"115",7,60,10,57,43,58,2,4,18,24,51,71,5,59,56,72,35,66,38,40,12,54,23,28,25,37,44,50,41,42,29,33,17,70,27,45,52,55,9,34,6,48,36,46,19,53,13,22,21,63,3,62,20,67,8,16,31,61,30,64
"116",18,64,43,66,9,37,33,56,29,35,44,58,2,47,3,4,27,42,14,50,34,65,40,61,20,49,8,53,1,15,51,54,21,48,25,26,41,52,13,38,31,32,24,67,7,36,16,19,6,23,11,57,63,69,17,62,45,46,10,55
"117",41,57,28,43,45,49,47,52,50,70,16,72,5,48,17,37,21,55,9,67,56,59,12,63,42,60,2,44,15,66,1,27,3,46,36,62,51,68,22,24,39,64,10,54,23,32,14,69,20,61,13,34,29,35,31,38,65,71,25,33
"118",35,36,27,52,43,47,41,72,4,5,42,48,2,24,1,59,40,60,21,70,22,28,15,23,17,49,6,14,20,25,19,45,18,54,11,13,53,69,10,68,34,63,3,62,57,64,26,65,31,50,39,44,29,67,46,71,8,55,7,66
"119",15,62,47,52,24,49,2,10,32,34,19,40,56,70,4,30,57,67,31,51,35,42,5,37,9,25,16,68,33,63,26,36,23,53,14,65,66,69,13,45,3,71,27,50,6,60,17,43,22,38,11,21,18,29,28,39,20,64,12,59
"120",35,52,12,29,25,45,60,70,6,11,20,65,18,57,33,36,69,72,27,46,17,37,1,50,32,63,13,44,10,48,9,38,56,59,34,55,2,54,8,15,5,71,21,26,40,62,22,58,43,61,3,47,53,64,31,51,39,67,24,28
"121",3,71,6,54,46,56,21,43,12,13,36,63,4,5,1,19,34,69,18,65,33,52,31,39,15,45,22,42,27,55,49,60,32,57,44,51,50,58,25,38,7,66,16,70,17,40,11,14,35,72,23,26,29,59,41,61,9,68,37,64
"122",22,64,62,66,28,59,16,18,31,46,37,43,68,71,41,48,47,56,30,70,52,72,20,44,35,55,6,19,11,57,10,17,21,49,24,40,14,25,23,32,2,9,34,53,5,38,58,61,33,60,12,39,50,54,1,7,8,51,3,13
"123",13,26,9,46,16,51,3,24,34,39,6,15,38,60,17,42,21,61,18,64,25,53,10,33,20,52,8,70,44,68,31,55,27,28,43,63,11,32,48,67,1,23,4,49,12,19,22,45,54,62,29,69,50,57,41,71,14,37,35,47
"124",35,66,19,46,18,32,5,41,4,16,44,70,10,61,24,56,43,49,27,47,29,60,21,65,36,39,38,52,6,40,22,57,69,71,1,25,45,62,37,58,2,50,8,28,33,59,3,30,23,31,48,67,20,26,15,34,17,63,13,42
"125",12,18,36,71,7,62,4,25,24,46,14,63,61,65,10,35,2,17,28,69,8,27,23,32,39,53,20,40,15,57,41,64,26,34,21,50,30,58,13,44,47,52,55,60,45,56,3,11,49,70,1,38,33,59,42,54,29,48,22,72
"126",7,58,29,33,20,22,2,12,13,26,16,43,32,65,31,38,37,72,24,69,15,23,6,67,42,57,39,50,49,59,9,63,10,44,35,64,5,14,40,68,19,34,47,71,21,53,36,48,3,51,55,70,27,30,8,52,25,61,17,46
"127",32,55,33,53,30,44,10,18,3,70,13,61,11,71,12,22,23,69,67,68,14,66,4,17,60,62,5,40,1,48,49,51,16,26,34,58,27,38,21,36,7,42,19,20,25,56,9,64,43,47,50,52,35,37,45,63,6,57,31,65
"128",1,55,40,61,19,58,5,41,8,26,11,67,3,42,47,71,15,63,27,50,2,21,29,66,13,62,28,39,32,36,23,52,18,46,48,72,25,60,56,69,9,35,7,65,68,70,12,37,20,53,30,31,14,33,4,38,24,43,59,64
"129",2,46,7,11,24,38,15,16,51,67,20,23,41,66,4,59,28,53,47,56,36,43,37,61,32,60,13,39,18,26,30,45,34,42,33,57,44,68,21,40,48,64,49,54,17,71,9,50,1,22,14,63,52,58,19,70,10,35,55,65
"130",41,71,5,68,44,48,52,64,24,32,29,50,59,62,56,72,30,60,1,70,13,45,14,49,12,61,9,47,6,22,34,53,19,23,28,33,3,46,54,55,2,31,7,65,38,42,67,69,43,66,17,63,26,36,11,25,18,39,4,10
"131",38,41,45,59,16,55,34,64,1,40,15,50,5,51,28,52,12,20,32,48,7,70,10,60,18,47,56,58,63,69,11,49,21,33,23,54,29,62,4,25,35,71,9,46,17,57,37,66,3,72,6,19,14,44,26,53,13,30,8,68
"132",45,51,41,71,48,57,19,69,53,64,26,49,7,10,63,65,50,59,9,42,4,52,34,44,18,66,3,36,15,29,14,72,22,68,8,54,43,58,56,60,21,30,31,33,17,39,23,40,46,67,6,16,5,70,35,55,11,38,2,12
"133",29,34,12,45,18,25,19,72,21,57,5,13,23,68,2,20,22,54,15,16,52,62,60,61,8,55,24,26,11,51,38,41,65,69,10,28,30,37,46,58,1,64,9,32,39,71,53,66,7,47,33,40,6,56,14,59,36,50,27,44
"134",17,20,2,22,59,68,23,70,45,66,31,47,43,57,55,63,21,25,13,16,10,72,36,51,35,64,24,30,15,54,4,46,28,39,11,41,1,56,53,60,7,48,67,71,27,58,32,37,29,40,12,18,38,44,6,8,34,65,9,69
"135",10,58,16,40,1,49,5,68,14,32,59,63,3,61,11,25,35,36,55,72,39,51,4,20,9,13,6,8,48,71,41,57,17,38,2,56,23,42,22,54,26,67,19,43,66,69,37,47,31,53,27,33,21,50,7,70,18,64,44,52
"136",2,71,3,31,23,55,19,72,12,57,4,36,33,42,6,18,7,45,48,52,46,68,29,59,50,69,1,27,16,30,28,40,17,25,21,34,13,53,47,60,61,64,11,63,26,44,14,65,41,67,49,56,39,58,20,38,5,37,9,24
"137",13,62,34,66,27,60,48,69,18,23,4,35,15,28,57,71,7,49,29,30,1,45,53,64,12,54,47,68,24,72,22,44,2,38,17,41,19,65,33,56,11,67,5,36,42,46,21,39,10,58,16,50,43,70,52,63,20,51,14,55
"138",1,58,14,41,3,32,71,72,31,46,39,50,55,68,34,47,30,57,36,45,38,70,51,61,52,54,7,23,5,25,37,44,15,63,29,60,9,69,12,20,2,22,49,59,18,67,24,62,10,56,27,65,17,48,8,11,21,35,13,19
"139",10,40,34,61,42,64,11,71,27,63,16,18,2,38,15,31,12,37,28,32,8,59,36,52,6,66,23,46,24,57,39,69,25,67,4,62,26,58,53,68,33,41,5,9,45,65,13,14,3,44,55,56,1,29,21,60,50,72,19,51
"140",30,49,67,69,29,38,45,46,22,72,37,44,34,51,60,65,19,41,31,71,5,58,43,59,35,56,10,24,9,63,4,64,6,40,12,15,28,61,26,39,57,68,3,36,52,54,33,70,32,42,27,53,14,50,13,21,1,62,20,23
"141",28,48,34,59,53,55,33,66,36,42,11,45,14,63,8,32,22,50,18,65,5,56,31,69,9,44,25,40,15,38,26,35,23,62,29,57,13,58,12,47,2,21,49,72,17,24,3,27,4,20,39,61,37,60,43,64,1,6,30,41
"142",10,41,30,60,4,8,25,34,15,51,12,42,21,49,48,70,26,27,7,65,14,44,22,66,1,52,32,45,24,36,50,53,31,59,28,43,13,47,18,71,40,58,2,9,3,69,11,56,29,62,67,68,46,64,38,61,33,57,23,39
"143",6,57,49,52,16,48,22,35,18,31,20,50,42,44,27,62,2,39,3,46,38,70,8,19,36,53,21,34,25,72,14,66,9,30,47,59,43,56,13,17,11,69,4,45,15,60,7,67,61,63,58,68,10,12,5,65,32,40,28,37
"144",35,45,27,39,16,55,17,20,15,65,1,53,32,37,6,49,21,31,44,59,4,19,12,56,60,64,18,61,29,69,41,63,2,66,7,43,26,68,9,51,38,72,5,54,24,70,10,71,40,57,28,62,33,46,11,34,22,42,13,36
"145",21,65,2,49,40,70,33,41,9,64,48,72,30,45,24,55,46,71,15,37,12,50,29,52,14,34,53,56,54,69,18,28,61,66,1,23,16,62,10,39,13,26,11,59,4,38,20,58,5,44,63,68,8,17,35,67,27,47,36,43
"146",37,55,1,27,22,63,2,57,21,68,9,14,4,60,10,51,53,54,39,70,45,50,58,71,48,59,32,40,7,52,3,5,16,28,6,35,20,36,19,47,24,29,30,66,33,44,64,72,17,46,23,42,11,12,34,56,18,69,31,43
"147",6,72,23,38,19,28,22,43,10,17,40,52,4,18,39,63,26,50,13,57,8,36,27,56,3,34,20,33,1,44,15,68,31,32,25,65,7,62,16,64,30,71,35,51,2,46,37,42,29,67,21,59,47,58,41,70,5,55,11,53
"148",32,59,25,37,12,19,30,48,28,56,51,55,13,29,34,54,38,53,9,67,7,21,3,31,35,70,18,52,27,49,4,22,1,5,10,26,20,66,45,62,23,61,50,71,16,47,8,41,15,63,64,65,36,39,60,68,43,58,17,72
"149",54,61,27,66,28,52,7,19,29,34,21,31,42,60,50,58,16,17,11,53,12,33,4,67,37,47,41,69,14,59,44,65,8,22,1,23,15,55,46,62,13,63,56,71,5,35,38,72,18,64,24,49,30,40,2,26,32,43,25,68
"150",24,65,14,42,57,68,44,54,43,62,53,61,18,72,12,46,33,35,25,41,34,56,22,38,8,49,32,37,16,63,19,69,66,71,7,45,17,40,21,58,29,52,15,70,6,20,30,51,5,13,9,60,39,59,4,50,3,23,1,27
"151",1,7,17,56,14,71,6,70,12,55,29,68,30,53,42,45,8,51,27,52,49,54,48,66,3,34,33,67,2,64,16,43,22,46,19,36,24,35,60,72,13,32,40,58,9,15,61,65,57,62,23,38,41,47,37,44,28,50,10,20
"152",35,53,19,21,31,36,7,33,63,67,50,51,14,43,2,58,9,24,10,13,18,71,23,64,16,42,1,30,48,72,17,39,26,28,6,38,41,60,29,44,56,70,12,20,5,47,22,52,46,49,37,61,3,66,11,54,55,68,25,45
"153",46,52,25,55,14,40,22,47,60,66,30,49,15,32,21,48,13,56,16,27,8,38,43,69,9,36,12,20,23,31,35,72,34,44,3,19,28,62,1,26,17,18,50,59,39,42,65,70,41,45,5,57,37,71,24,58,7,29,54,67
"154",16,17,42,58,8,62,44,48,11,55,18,71,31,37,21,29,50,67,10,61,32,68,20,59,9,12,43,45,5,27,2,33,15,38,63,72,13,52,26,64,30,53,4,14,40,66,6,49,46,69,35,36,28,57,1,70,24,65,47,54
"155",34,56,15,52,7,9,11,53,8,65,59,61,24,58,25,46,32,36,14,28,12,42,48,51,62,71,37,54,3,64,33,67,16,35,40,41,31,69,23,30,4,68,17,47,43,72,10,55,27,49,6,63,19,44,22,29,20,45,57,60
"156",37,63,20,33,42,62,4,57,14,48,7,25,8,34,29,31,3,28,40,55,52,68,43,60,5,47,17,27,22,50,46,59,39,45,53,72,15,71,10,13,9,16,38,51,12,23,11,24,6,35,41,44,19,21,49,70,54,69,32,66
"157",14,44,2,50,7,45,71,72,17,70,13,31,30,55,32,59,5,29,25,26,58,63,48,66,42,60,15,56,4,57,23,53,16,40,18,38,35,52,33,43,22,36,54,65,34,49,10,21,9,12,19,67,6,69,3,11,47,64,20,68
"158",48,63,12,23,8,66,25,31,39,57,64,68,20,70,16,50,30,35,2,7,5,67,3,53,33,43,1,61,21,58,47,59,56,62,15,46,13,69,29,42,9,52,37,38,26,32,14,22,10,72,18,41,24,55,4,60,6,28,44,45
"159",11,30,40,44,8,33,52,54,37,61,1,42,14,66,26,55,24,45,29,32,2,59,4,17,18,34,3,47,12,27,21,28,5,22,19,23,62,70,35,38,25,67,48,58,16,72,53,71,9,10,13,43,50,56,51,63,15,31,60,69
"160",8,28,37,40,17,49,10,33,23,24,60,67,26,32,55,58,42,63,2,48,5,16,3,9,21,56,25,50,7,11,29,61,62,65,31,69,27,35,6,52,1,19,45,57,13,47,44,51,12,22,18,41,15,43,20,68,59,64,4,14
"161",19,60,21,72,61,63,50,70,52,62,6,41,33,54,9,27,11,71,36,43,3,38,45,57,31,40,5,39,34,53,7,18,16,37,2,14,4,10,25,64,23,30,26,42,28,35,58,59,12,29,13,68,24,46,22,44,48,51,8,15
"162",26,56,39,52,40,55,30,46,38,43,19,51,33,48,59,60,5,29,22,36,9,37,20,62,18,34,10,14,17,71,35,41,23,57,11,44,70,72,3,16,4,31,8,47,65,68,1,53,61,69,2,13,32,50,7,21,12,42,24,66
"163",8,54,43,59,45,60,4,50,41,47,26,63,36,69,22,35,6,29,30,66,13,44,5,19,7,9,2,27,18,68,40,51,10,39,64,65,24,31,12,49,14,20,15,32,38,46,3,11,56,70,34,71,17,55,21,33,61,67,1,57
"164",20,30,32,52,15,22,19,38,4,53,51,57,18,63,49,61,60,65,2,45,7,40,43,68,3,39,8,13,14,47,5,50,12,26,37,56,42,48,66,69,9,44,33,64,16,21,34,62,23,25,1,35,24,31,27,67,29,41,6,59
"165",15,40,1,53,18,72,23,67,3,52,54,63,32,65,31,55,57,59,7,44,6,33,25,68,4,26,10,30,12,34,38,47,21,42,11,17,9,45,70,71,46,62,29,50,35,51,5,19,20,27,2,49,37,58,39,66,36,69,8,60
"166",61,62,11,33,39,67,6,32,29,41,5,54,60,72,37,63,13,57,4,64,38,66,1,26,35,65,7,70,46,47,43,44,34,69,14,25,28,71,40,56,18,36,10,48,23,45,15,55,19,53,52,59,21,58,2,68,24,30,31,42
"167",46,53,29,36,6,64,52,56,60,70,16,48,23,30,10,62,51,63,32,40,25,67,55,72,43,69,21,26,44,65,47,49,3,31,2,11,19,57,58,71,20,35,15,17,7,34,13,33,4,50,22,59,41,68,28,38,12,61,14,45
"168",60,61,21,70,46,47,42,67,4,10,2,37,19,49,15,30,8,54,9,53,13,33,31,62,48,56,36,39,23,72,22,63,6,24,25,35,17,29,45,68,41,66,27,52,3,20,1,16,26,50,28,55,44,51,64,69,32,71,5,18
"169",25,49,2,5,39,47,23,67,40,60,28,63,36,37,55,58,12,41,7,26,64,70,18,29,3,53,14,32,44,61,35,42,21,62,17,27,43,66,4,72,9,54,19,59,1,34,56,71,13,38,8,65,15,45,6,50,10,69,20,33
"170",37,53,25,45,42,47,22,58,9,48,13,68,11,21,28,34,16,30,24,50,55,64,29,43,49,62,10,72,38,63,1,69,33,54,59,65,20,35,3,41,8,14,6,27,7,56,57,66,61,70,23,36,12,60,46,71,2,39,52,67
"171",22,25,1,35,7,67,40,57,28,61,17,47,52,63,45,64,31,48,34,42,49,69,50,62,10,24,44,70,2,4,23,58,13,37,27,36,6,54,11,18,8,53,3,15,60,72,19,71,14,30,32,56,9,39,16,65,5,12,33,38
"172",61,70,10,71,39,66,6,37,5,53,12,58,30,40,63,68,13,64,49,56,7,19,42,55,29,54,2,22,36,41,14,23,57,62,18,46,8,38,20,32,35,44,4,59,15,51,21,27,16,31,34,65,11,28,47,67,1,72,43,48
"173",37,46,18,55,2,32,3,56,45,71,28,60,20,34,13,68,48,72,12,39,21,67,51,69,22,26,4,14,40,64,27,43,7,24,6,63,5,42,19,41,11,59,8,9,54,70,29,47,23,57,50,66,16,61,30,52,33,53,15,65
"174",40,42,35,38,3,19,7,58,18,43,5,62,17,33,2,11,14,28,45,64,25,27,15,67,47,57,44,51,24,63,10,36,60,70,71,72,1,53,21,65,46,56,54,61,22,41,20,52,31,34,30,49,12,26,29,59,48,66,8,16
"175",21,40,26,36,34,44,54,59,32,71,4,60,46,65,3,58,23,56,61,68,13,31,9,27,53,72,22,29,39,48,14,51,8,52,35,66,10,30,11,17,2,19,49,64,16,41,25,37,28,45,15,24,1,42,43,67,5,6,33,47
"176",5,39,45,66,36,72,30,43,57,69,6,9,50,68,1,67,18,42,11,34,33,35,19,54,37,70,14,31,38,64,15,56,25,27,10,24,16,52,47,48,8,41,3,53,17,60,20,40,49,62,13,61,7,58,23,63,2,22,44,55
"177",27,48,31,56,43,51,1,64,29,53,37,54,6,34,38,68,9,11,15,67,19,66,36,71,33,50,4,32,21,47,25,42,12,63,3,69,24,72,30,40,20,55,5,17,2,59,28,39,8,35,41,52,18,62,45,61,57,70,10,49
"178",2,64,45,49,35,46,25,40,28,38,13,42,9,50,6,11,66,72,14,33,43,65,17,55,12,20,27,69,7,58,57,61,5,16,1,4,31,56,32,62,21,52,15,37,22,26,18,48,23,68,8,39,3,41,70,71,30,36,19,34
"179",1,52,11,19,6,39,3,56,45,63,2,60,25,29,24,42,51,67,34,61,35,46,15,53,9,69,44,55,20,22,18,72,26,54,65,71,31,37,8,57,14,30,16,49,33,50,17,59,32,58,12,21,27,70,36,64,13,28,4,43
"180",14,62,34,43,26,50,36,45,4,54,13,22,27,46,9,60,2,65,28,29,44,67,31,59,25,66,6,38,1,51,15,39,20,23,37,64,3,58,30,47,8,56,10,53,61,70,16,35,49,52,17,18,21,24,12,41,40,42,5,68
"181",16,32,11,62,19,68,44,50,1,20,8,48,17,54,21,36,10,27,31,33,22,60,5,7,51,66,3,67,38,49,25,72,2,58,26,57,64,69,18,55,40,65,29,41,6,12,35,59,24,42,13,63,52,70,47,56,43,46,4,9
"182",37,50,23,53,12,44,16,34,1,72,13,28,31,35,8,9,6,27,14,25,45,58,69,70,38,40,15,18,59,65,10,30,2,19,47,67,39,63,36,52,24,32,4,54,22,43,46,61,3,26,66,68,33,60,20,71,51,62,7,64
"183",28,71,13,36,56,64,33,69,19,68,21,38,3,67,14,16,34,40,22,43,10,55,25,58,48,62,18,54,1,5,42,49,12,45,9,37,7,52,2,20,30,50,31,63,47,53,61,66,27,44,8,72,41,51,35,59,26,65,15,32
"184",49,59,19,38,54,66,41,68,63,72,6,8,14,65,17,35,7,34,13,69,9,53,1,33,21,52,23,48,43,70,26,30,3,27,11,45,42,50,24,58,5,56,16,64,10,28,15,47,61,62,4,57,12,44,2,36,18,25,60,67
"185",32,67,30,63,15,18,35,37,12,64,36,58,13,22,9,25,10,20,57,62,51,52,14,33,7,21,47,66,43,61,23,28,31,48,38,41,8,19,1,68,26,42,53,56,4,70,11,60,39,50,6,16,2,69,27,72,3,5,44,54
"186",3,22,50,56,19,70,35,54,5,10,4,43,39,49,29,32,6,55,38,48,63,71,27,68,26,30,37,59,42,61,14,20,21,72,12,18,8,46,2,47,16,40,52,62,44,57,36,69,1,15,11,53,31,66,25,28,60,65,34,41
"187",6,38,7,71,27,67,17,57,1,23,40,56,51,65,52,70,18,63,10,58,8,39,47,66,13,22,12,16,9,19,25,54,2,26,20,21,32,64,35,59,53,62,11,31,5,61,33,72,4,36,45,68,24,48,15,49,42,69,30,60
"188",43,49,9,27,22,42,58,70,10,63,39,71,15,17,13,34,38,56,40,69,2,8,1,30,19,35,7,55,24,46,3,59,4,41,28,54,12,26,21,67,44,57,16,65,52,60,6,11,25,47,20,53,33,36,51,64,5,32,18,61
"189",5,28,26,65,47,69,4,42,8,10,38,46,49,61,7,64,2,71,30,51,19,55,53,68,9,50,58,59,37,45,3,67,36,56,6,22,48,54,40,63,18,34,13,14,29,39,17,70,21,41,31,33,23,25,15,32,43,52,27,35
"190",30,67,29,55,3,26,37,51,22,56,38,65,32,60,1,41,49,50,19,70,17,69,27,58,21,66,25,39,5,72,9,33,11,59,48,57,42,45,4,63,28,54,47,61,20,35,31,44,8,62,24,53,23,64,13,18,34,40,6,43
"191",21,33,29,69,39,45,36,47,20,71,49,62,10,63,37,66,3,27,6,72,14,31,34,51,9,59,8,40,15,38,13,44,22,61,2,56,12,64,5,41,4,28,23,50,42,70,24,53,7,48,54,65,55,57,35,68,43,46,19,32
"192",23,60,18,37,9,64,32,54,11,61,27,41,62,70,31,53,3,30,10,20,17,29,57,69,46,55,59,68,2,4,12,25,15,16,14,35,39,58,7,34,6,66,13,52,8,48,26,56,19,22,38,72,42,65,5,67,33,63,49,50
"193",10,12,13,60,34,64,18,55,30,36,8,19,3,71,37,56,17,53,51,59,28,70,9,33,16,68,21,72,23,47,20,69,50,66,1,62,24,38,25,52,46,61,29,63,11,41,6,31,22,39,4,45,15,65,44,67,5,7,40,49
"194",5,70,14,20,27,32,8,11,46,54,1,19,6,31,61,71,18,22,10,58,36,48,25,67,33,51,24,53,56,59,47,68,28,34,38,62,7,55,30,41,13,69,15,39,43,65,4,37,2,50,57,64,35,52,9,16,17,44,26,66
"195",56,66,23,47,38,69,24,37,49,55,33,42,53,63,59,72,21,27,31,32,35,41,8,26,9,61,57,68,2,15,3,45,19,46,10,14,29,44,12,30,5,39,25,65,13,28,50,60,7,22,43,70,1,71,51,64,4,58,11,17
"196",24,45,27,69,47,59,23,26,14,57,50,55,3,54,39,58,46,48,4,20,17,36,15,22,8,62,7,28,1,72,67,68,16,34,9,21,18,44,37,49,6,13,19,32,52,66,31,65,12,38,2,10,30,56,25,41,51,61,64,71
"197",42,69,19,63,38,41,18,50,29,61,11,65,5,27,10,55,1,47,46,66,40,49,12,60,39,68,6,24,7,35,3,26,67,70,21,44,48,62,8,59,16,54,22,52,51,57,36,71,25,53,14,32,31,45,33,72,13,37,9,58
"198",6,35,29,49,23,58,17,34,14,36,51,55,9,69,22,60,13,71,37,53,5,11,12,19,31,43,27,59,44,62,10,48,8,40,46,50,26,32,39,54,2,61,45,67,16,42,4,33,30,65,3,56,70,72,52,64,57,63,18,20
"199",36,70,26,53,39,46,24,67,5,43,35,68,20,42,7,22,56,65,37,40,16,28,38,57,2,32,4,62,44,72,14,49,21,60,48,63,11,51,17,71,54,58,31,52,25,69,18,64,3,50,15,59,9,66,13,19,6,33,30,45
"200",1,67,12,19,23,42,4,30,56,69,24,40,62,70,8,65,2,61,6,20,33,51,13,54,17,57,29,43,18,31,46,48,37,39,36,45,32,72,15,68,38,66,50,60,26,59,14,64,3,10,41,52,49,53,27,63,35,47,11,71
"201",15,42,6,17,30,58,27,61,25,59,24,70,9,39,62,65,2,49,44,56,22,33,43,60,1,40,20,28,12,52,47,72,14,36,29,31,34,69,37,66,41,57,19,64,38,68,3,50,48,63,13,67,23,55,10,26,45,53,21,54
"202",20,43,47,67,14,30,15,61,6,58,23,29,1,24,12,44,34,45,33,39,46,60,2,40,3,4,21,68,25,59,26,52,32,48,65,66,16,63,27,64,19,28,42,57,31,72,36,51,22,62,5,71,18,35,8,37,53,56,17,41
"203",5,8,2,68,1,48,14,72,7,61,15,56,47,66,17,35,10,37,31,59,44,46,6,71,65,67,49,52,27,64,32,51,34,41,20,22,33,55,4,42,3,13,11,57,25,69,9,21,28,30,53,58,16,54,24,63,19,62,38,50
"204",37,49,4,65,7,66,18,19,2,16,8,21,48,67,10,26,36,40,11,47,45,58,27,68,14,69,38,62,59,71,12,31,3,41,32,46,42,64,25,57,44,72,6,63,43,55,30,34,29,70,23,35,53,54,15,24,1,17,28,60
"205",61,66,32,37,18,38,33,45,1,34,35,51,2,48,39,68,41,55,8,23,59,71,20,70,30,40,9,46,24,49,11,15,6,64,10,72,29,31,54,57,4,13,3,16,25,44,19,43,21,52,7,63,50,56,5,69,22,42,36,53
"206",8,10,6,59,15,19,40,43,14,72,36,67,27,32,31,50,41,64,5,26,28,62,33,71,29,66,44,47,58,69,18,45,34,70,17,60,22,42,4,65,11,13,46,56,23,53,9,24,1,7,48,63,38,51,2,57,37,52,16,30
"207",27,64,47,71,23,40,7,72,2,65,3,66,11,29,31,51,5,26,6,62,50,53,17,28,15,38,45,67,1,49,25,63,57,68,18,61,19,35,32,54,58,69,22,24,9,14,10,46,33,48,34,56,4,39,21,30,44,55,20,52
"208",21,30,33,45,29,44,14,70,9,65,24,54,27,28,34,50,10,35,8,67,3,51,11,40,5,47,18,56,7,69,36,52,55,57,61,71,13,23,4,17,1,60,6,64,39,68,32,63,12,19,31,49,16,66,41,48,2,62,42,58
"209",5,49,16,67,13,26,22,68,2,39,14,27,30,54,58,66,31,46,1,63,32,33,51,70,21,24,50,71,8,12,17,45,6,37,18,47,19,40,11,57,25,62,7,64,65,72,10,41,20,59,23,43,15,61,9,36,34,69,48,56
"210",30,45,41,50,38,59,12,65,16,70,29,37,20,27,33,42,14,64,1,2,15,25,5,40,22,34,7,31,11,28,6,71,56,57,9,49,39,67,54,68,13,61,8,69,19,36,26,58,46,66,3,35,47,51,18,32,52,62,21,23
"211",20,65,2,38,25,50,8,16,3,72,19,35,54,64,5,6,41,61,62,67,13,57,17,29,52,53,24,58,9,60,18,51,33,45,55,71,12,34,30,48,11,23,46,70,39,56,37,43,27,47,22,66,4,31,7,59,42,63,1,15
"212",15,41,62,64,9,13,12,53,34,45,40,51,8,50,11,25,55,68,43,57,5,35,1,54,3,49,38,67,4,18,47,60,52,69,27,59,20,44,2,29,14,17,22,33,28,36,24,26,31,37,30,58,39,65,46,72,21,48,10,70
"213",21,58,20,60,22,71,7,38,3,37,53,65,32,50,33,54,5,29,15,40,23,55,1,28,47,72,17,30,36,61,31,63,13,25,18,24,4,19,51,59,16,49,12,66,11,44,9,14,45,69,10,27,56,57,46,52,34,67,42,70
"214",56,57,60,71,25,61,7,18,19,30,45,62,20,44,5,21,3,28,42,58,31,52,9,50,8,65,11,46,24,47,48,55,41,72,12,53,38,43,36,66,22,35,27,59,2,67,23,39,16,17,13,63,54,69,4,32,14,49,34,64
"215",5,30,11,57,27,49,68,72,7,20,6,51,9,42,55,70,13,45,34,39,48,61,16,64,29,40,38,46,36,66,22,28,14,56,17,54,41,44,3,65,12,59,35,60,15,18,21,58,62,69,25,33,10,67,23,43,1,19,24,31
"216",15,24,64,69,41,42,9,38,10,20,16,58,35,65,7,30,2,31,14,36,49,51,55,70,3,68,27,53,4,62,33,61,18,22,13,17,44,72,25,29,39,43,5,23,32,37,26,67,45,57,21,28,19,56,50,52,6,34,1,66
"217",30,38,31,34,7,40,67,71,19,23,48,58,8,63,28,72,55,65,44,57,36,62,32,68,26,46,42,43,2,52,15,54,53,70,25,45,35,49,27,66,20,29,11,64,4,22,3,12,21,69,9,14,33,51,17,50,13,59,1,41
"218",49,50,21,35,55,65,54,64,39,66,46,60,18,44,16,62,23,72,7,61,26,52,5,30,42,43,40,58,4,34,17,51,15,57,31,67,19,45,56,68,3,33,6,13,32,41,1,63,10,69,25,59,38,48,20,70,24,37,14,22
"219",33,39,38,71,30,62,1,48,43,49,9,28,32,63,52,67,18,51,29,59,7,22,14,69,57,66,6,58,8,47,36,41,5,56,50,70,20,65,4,10,53,54,25,61,17,26,31,42,23,27,46,60,24,37,15,19,21,72,2,34
"220",25,42,27,47,3,18,35,59,30,68,8,58,39,44,33,60,10,31,6,61,34,45,22,26,36,65,1,43,17,40,11,37,53,70,2,5,23,69,9,19,46,63,29,54,57,62,24,66,38,71,13,16,15,50,12,48,14,67,49,52
"221",25,70,55,65,33,38,30,53,18,67,32,50,5,36,13,52,8,46,37,51,9,31,2,34,27,72,41,49,56,60,54,63,15,23,3,57,12,40,14,61,1,71,16,39,22,66,20,59,58,69,62,68,47,64,26,28,17,21,7,24
"222",11,36,31,66,23,39,26,69,17,42,40,50,29,67,49,60,35,45,8,68,21,34,15,47,55,71,13,37,1,70,5,28,6,18,38,59,48,62,3,7,24,30,33,63,20,43,12,57,27,72,16,32,10,41,22,46,58,61,4,52
"223",47,67,10,23,13,53,35,62,14,38,29,68,37,44,12,50,24,61,43,45,26,28,7,59,27,60,18,22,19,57,48,52,5,6,16,33,4,70,32,46,39,72,9,36,8,58,21,63,31,54,40,56,25,64,30,49,17,41,2,15
"224",24,56,68,72,8,69,46,67,16,64,30,52,43,60,7,13,37,53,12,59,20,47,25,54,26,27,5,48,11,39,32,62,40,58,9,65,3,10,28,63,22,50,6,51,4,31,35,61,33,41,2,70,38,45,42,66,18,21,29,34
"225",21,29,19,63,20,55,57,60,5,64,10,52,16,44,7,53,39,71,30,48,33,72,46,61,15,62,6,45,14,37,18,59,23,41,1,38,25,49,65,66,3,17,35,54,8,32,22,69,58,68,24,56,2,31,12,67,34,47,28,51
"226",5,22,27,67,21,66,6,52,16,35,4,13,63,70,43,44,23,49,19,29,11,20,14,41,24,48,56,61,50,68,10,51,12,37,15,18,62,71,9,57,26,39,7,38,28,59,17,42,32,54,33,58,34,45,3,53,60,64,2,55
"227",28,29,50,72,24,51,18,39,17,70,27,44,6,10,37,45,46,63,14,16,15,36,11,32,48,61,8,31,25,30,52,59,19,41,3,5,12,43,1,57,2,71,64,66,13,35,23,47,7,33,38,60,54,67,4,21,9,40,20,68
"228",9,40,27,30,2,59,14,43,20,63,28,33,1,55,41,65,37,51,13,23,7,17,24,32,38,56,11,19,4,61,29,45,57,64,67,70,6,36,3,34,46,53,68,71,22,26,48,54,5,35,18,44,25,66,10,47,8,16,58,60
"229",15,33,20,62,18,46,22,44,42,67,26,48,64,70,35,40,13,14,2,55,53,63,37,41,1,3,9,24,34,51,28,60,8,54,7,39,10,16,5,25,6,52,31,68,30,32,17,27,19,49,12,38,11,58,43,50,56,57,29,66
"230",7,50,13,16,17,70,20,23,1,29,25,37,62,68,45,51,4,38,34,35,28,41,57,58,3,46,8,52,40,66,11,31,54,63,53,61,39,59,55,69,36,47,12,49,9,71,14,42,19,44,33,60,22,65,32,48,18,30,43,67
"231",22,61,38,68,12,51,46,59,1,36,4,52,7,39,64,65,13,32,9,43,14,15,19,26,60,67,2,35,28,56,31,71,3,18,8,25,29,66,23,72,44,45,20,58,16,24,30,53,6,21,5,33,48,54,10,70,42,50,40,57
"232",10,62,48,70,40,50,14,29,16,31,28,65,56,68,38,59,42,45,5,9,46,51,11,13,26,66,32,35,53,69,33,72,8,12,25,27,36,64,1,7,47,71,3,21,6,15,22,34,52,63,20,55,17,37,18,24,44,49,4,30
"233",5,34,31,72,17,66,11,42,19,64,3,54,27,43,48,58,18,29,9,22,20,71,21,41,15,47,23,24,46,56,6,69,50,65,28,68,12,35,2,16,13,25,33,62,51,67,4,61,55,63,40,44,1,49,30,45,26,38,10,60
"234",32,64,8,31,27,35,46,71,22,63,12,42,15,24,19,62,38,41,1,61,25,43,34,57,26,44,6,54,29,40,65,67,37,45,39,70,10,60,5,18,2,21,11,50,49,66,36,55,17,58,3,23,52,72,30,56,33,47,51,59
"235",26,72,5,44,20,24,3,8,27,36,49,53,54,67,12,57,19,23,13,15,16,33,47,69,61,65,50,66,17,63,29,41,1,55,56,64,38,42,51,70,32,46,4,18,2,11,31,34,6,30,9,43,40,45,28,68,59,62,37,39
"236",31,44,9,48,58,70,17,24,35,72,34,52,38,45,22,32,5,13,23,39,37,42,28,54,63,68,25,53,43,55,21,64,14,16,6,60,49,65,51,56,59,71,30,47,33,57,1,12,2,36,11,69,26,62,29,50,20,46,8,66
"237",50,57,27,30,4,44,13,40,32,46,5,25,28,34,45,60,2,47,19,39,22,43,15,51,55,66,49,62,36,56,24,29,31,35,33,42,37,58,26,71,1,72,12,41,38,69,16,59,23,64,11,18,52,61,3,6,17,70,21,65
"238",27,72,8,38,1,4,31,56,20,40,55,71,21,63,3,14,34,60,6,28,12,67,23,51,15,19,2,24,41,69,32,50,45,65,10,46,16,26,22,68,33,44,25,30,29,42,61,64,43,62,39,53,49,59,17,37,35,54,11,66
"239",19,39,7,54,45,69,14,70,18,25,3,34,24,38,8,23,11,13,35,52,26,49,46,66,50,68,1,16,17,32,2,30,22,53,47,58,44,64,36,40,10,61,43,60,41,72,56,63,20,62,31,57,6,29,9,55,15,27,4,42
"240",59,63,45,65,12,25,37,72,40,42,1,57,58,68,7,15,35,48,13,34,4,9,19,53,32,64,17,55,23,52,18,39,33,54,51,62,5,8,2,44,26,66,10,61,24,69,22,31,28,30,11,60,16,70,21,56,14,43,50,67
"241",39,59,15,60,11,52,40,62,47,63,19,50,13,65,58,64,8,9,31,48,20,46,3,5,6,36,22,54,12,66,2,43,32,37,14,38,24,72,27,70,33,61,34,44,51,53,7,25,57,67,10,28,55,69,1,45,4,71,16,56
"242",37,71,58,64,5,56,13,18,24,55,39,41,22,34,6,61,43,47,10,25,16,65,9,15,59,70,4,67,54,57,7,68,38,46,27,29,1,17,14,60,8,62,44,69,30,52,2,28,32,35,23,33,36,48,51,72,40,63,19,20
"243",15,48,52,56,24,26,29,37,17,30,5,70,2,50,63,64,23,65,11,58,22,54,6,68,12,13,3,41,43,71,18,35,34,39,59,62,44,53,4,27,36,46,14,72,7,28,45,49,25,61,16,60,10,31,19,20,21,55,32,33
"244",10,14,54,65,19,36,49,63,45,70,15,21,43,67,9,51,56,61,22,62,35,39,31,37,13,72,17,34,55,64,18,57,30,42,1,40,4,23,52,53,6,60,2,58,5,24,38,68,11,20,3,8,44,66,28,47,41,69,12,50
"245",34,69,36,38,1,11,20,35,13,63,16,60,10,49,14,45,9,42,17,56,41,66,8,53,28,64,7,47,40,48,5,59,31,72,12,71,3,67,15,54,51,55,46,58,22,30,23,26,29,61,2,25,27,65,4,6,21,52,18,57
"246",41,45,17,64,25,62,27,34,33,51,6,12,7,32,15,53,5,24,1,28,23,44,26,49,10,40,3,13,11,63,9,59,56,68,16,50,14,58,2,65,19,47,21,30,54,61,60,67,18,37,35,57,36,72,38,70,46,52,69,71
"247",12,49,66,69,31,36,15,35,10,50,8,61,55,56,33,70,41,51,21,27,4,54,42,53,37,62,38,47,26,39,25,40,18,19,3,9,23,64,1,29,14,67,22,59,34,63,6,65,16,32,28,72,2,71,5,48,24,44,7,60
"248",6,20,7,46,31,35,37,54,2,17,22,25,10,45,8,28,13,65,4,36,57,67,16,44,15,63,3,58,50,60,27,43,55,64,39,40,24,51,32,38,18,56,12,30,14,19,21,68,42,47,53,71,41,59,52,72,23,70,11,34
"249",3,18,10,53,19,52,1,50,8,24,28,57,44,69,54,70,34,63,16,51,11,46,6,64,30,72,26,48,20,35,31,38,14,22,58,66,12,68,33,41,47,67,9,40,7,49,23,29,43,59,55,56,5,15,25,71,32,45,4,60
"250",21,53,22,55,5,12,10,56,62,64,18,67,19,25,31,47,29,57,14,15,2,30,35,41,33,68,34,70,24,63,45,71,7,16,1,52,39,49,3,40,4,60,59,66,20,32,26,51,28,72,50,61,23,48,36,42,8,43,37,65
"251",39,65,24,70,50,55,16,54,40,44,42,61,20,53,57,66,26,51,13,47,21,37,17,64,52,72,4,71,8,30,19,28,41,46,6,7,3,31,38,69,36,63,23,27,45,49,43,68,18,58,5,12,22,25,32,59,9,48,10,33
"252",7,19,43,45,63,66,32,57,12,59,28,42,37,64,29,67,6,56,30,58,24,55,36,69,25,46,5,11,1,10,4,8,13,31,2,51,3,23,60,65,34,50,26,72,35,54,21,38,15,33,18,39,14,41,61,70,40,44,27,71
"253",7,28,41,72,19,47,21,57,36,52,37,39,18,33,48,53,26,54,66,69,29,45,35,40,14,17,25,71,11,23,1,4,24,38,49,50,30,43,5,20,13,58,34,63,44,68,2,22,62,70,42,56,27,55,10,64,3,16,9,31
"254",53,71,52,66,4,62,21,32,9,41,23,27,12,51,46,56,11,50,7,35,25,72,26,57,45,68,1,3,15,44,64,65,59,61,5,19,43,69,17,22,34,49,33,67,58,70,2,29,13,14,6,48,16,28,42,55,18,47,10,37
"255",4,61,25,38,3,42,45,52,27,46,30,41,24,59,51,67,5,55,43,64,26,50,1,8,20,47,33,40,63,66,37,72,21,71,13,58,18,57,53,65,23,29,11,34,2,17,36,56,16,22,9,49,48,60,28,31,15,68,6,12
"256",10,72,9,22,33,66,5,31,14,69,16,57,41,48,19,49,20,43,7,59,23,47,27,29,18,50,2,53,62,71,30,55,39,68,24,42,37,61,8,25,54,60,1,44,4,11,56,67,3,6,28,45,38,63,40,51,36,70,13,65
"257",32,42,49,57,7,66,47,70,6,68,16,61,35,64,24,72,8,59,45,55,21,62,51,53,37,63,4,28,19,20,15,38,22,48,27,54,29,65,14,31,52,71,25,36,12,40,9,26,10,30,41,56,1,17,50,67,11,18,33,46
"258",16,61,11,31,45,46,39,48,3,35,44,53,30,47,23,27,20,64,40,49,43,62,15,70,2,42,29,37,14,52,4,7,8,19,21,56,63,66,41,55,24,60,6,58,36,65,33,34,26,59,54,57,25,32,38,68,9,17,5,51
"259",7,49,19,22,14,47,5,45,37,68,51,54,35,46,41,67,33,64,8,44,10,13,26,61,52,59,3,57,2,40,21,25,9,48,34,56,4,11,42,53,17,69,1,39,30,71,15,29,60,62,70,72,20,50,16,23,6,32,31,55
"260",13,41,14,39,26,29,22,35,7,40,10,53,23,55,58,63,16,65,28,51,19,69,25,44,18,56,15,17,2,48,30,43,12,71,47,66,24,33,8,20,11,52,9,70,32,64,36,62,50,68,42,49,38,67,5,46,1,59,3,4
"261",54,70,24,68,29,51,38,42,5,9,52,71,1,34,16,31,3,72,55,69,27,37,40,59,28,44,32,39,7,14,22,62,57,60,20,49,6,21,11,63,23,66,25,65,17,50,4,47,13,46,36,64,41,58,43,53,12,15,8,18
"262",35,58,4,26,13,25,1,20,5,16,48,63,12,56,29,65,23,60,11,38,3,49,6,52,21,71,15,27,66,70,10,45,19,46,8,24,32,43,28,44,9,42,18,33,39,40,7,17,41,61,68,69,14,62,30,72,22,51,36,59
"263",48,55,20,61,3,53,13,70,18,66,15,64,23,46,32,56,10,50,5,14,42,69,1,16,38,43,26,59,11,47,7,22,8,60,12,62,6,65,2,63,19,30,33,36,34,35,40,54,21,71,25,51,28,72,4,67,9,58,29,37
"264",2,68,16,50,23,65,44,71,25,40,42,63,37,59,31,53,27,29,24,47,54,60,10,15,17,46,33,34,3,61,56,67,21,43,30,66,20,28,12,55,49,51,39,69,13,36,18,52,8,72,41,62,6,58,14,26,4,19,45,48
"265",28,49,39,59,16,56,1,12,53,68,11,50,7,23,15,69,19,34,6,33,17,52,64,66,8,32,46,51,55,61,10,47,43,60,9,48,14,35,22,65,18,71,25,30,13,29,2,24,20,37,31,57,44,54,41,67,3,70,5,72
"266",24,72,31,68,17,48,35,40,38,57,37,67,14,53,60,62,1,5,11,15,7,8,13,65,30,56,25,42,52,59,45,63,10,49,22,32,21,27,36,46,34,71,4,6,12,66,16,51,3,54,20,44,50,69,39,70,26,58,19,61
"267",29,70,47,61,6,63,19,27,51,60,67,69,13,24,9,54,41,50,7,43,17,23,15,35,36,53,3,71,58,64,30,55,14,34,4,56,5,62,26,46,12,72,40,45,1,57,18,21,28,65,8,33,20,37,11,16,38,49,32,39
"268",16,32,34,58,60,70,10,64,5,13,45,62,14,20,18,48,22,49,28,30,1,27,51,56,17,52,21,39,53,67,26,41,38,46,23,24,33,35,8,44,57,68,37,43,2,42,31,47,15,50,12,69,6,72,11,25,40,65,55,66
"269",18,51,43,71,8,15,67,72,11,31,41,62,25,58,23,36,47,48,50,61,3,12,4,56,2,46,57,69,6,21,55,63,52,68,9,42,35,66,59,70,29,38,17,24,30,44,53,65,13,16,10,54,14,49,22,39,1,33,5,28
"270",15,70,12,67,42,51,27,50,14,34,56,63,46,52,5,9,39,69,13,21,4,45,11,28,18,47,30,57,32,43,26,31,36,55,38,65,44,54,20,24,6,40,53,61,10,72,35,49,2,37,8,66,7,23,17,22,29,64,16,25
"271",31,71,60,68,8,33,37,67,6,63,24,62,19,30,39,56,16,45,40,46,36,47,27,44,14,20,7,64,59,61,1,48,3,28,51,58,26,69,54,55,22,72,12,32,53,57,43,50,13,29,4,17,23,65,10,35,21,34,2,25
"272",5,10,15,61,62,63,7,41,40,56,1,29,46,60,65,72,18,64,20,51,30,38,47,54,13,50,12,22,8,37,35,57,6,42,19,25,11,28,4,71,9,34,14,39,16,21,17,26,24,33,53,58,36,67,49,55,3,48,43,45
"273",15,63,6,55,1,9,10,42,2,67,17,25,43,44,28,54,68,70,23,29,30,49,8,66,40,57,41,58,13,53,11,32,7,31,35,61,39,62,26,72,52,60,14,56,4,18,37,69,21,51,36,47,33,48,19,46,5,27,16,71
"274",48,54,14,38,5,53,56,62,6,37,52,67,27,31,16,68,12,40,10,50,23,44,26,63,29,59,7,15,17,69,9,64,33,43,8,65,21,55,24,36,28,51,1,60,57,58,30,70,18,32,13,72,35,41,3,66,42,71,22,45
"275",15,34,25,67,48,49,24,43,8,60,3,28,23,36,4,40,14,26,47,69,10,65,21,71,42,53,32,70,2,50,30,38,29,46,1,66,12,58,6,7,13,18,39,57,16,17,27,31,9,35,41,59,20,61,33,56,44,64,22,45
"276",6,19,3,40,12,58,20,45,17,61,21,66,15,57,56,62,7,16,60,69,31,71,11,35,1,59,29,53,2,23,47,49,36,42,5,37,30,43,9,28,55,65,51,52,10,25,26,44,18,72,32,41,14,50,27,39,46,48,38,64
"277",1,17,48,54,5,59,10,47,4,23,53,70,9,55,28,36,38,71,20,63,60,65,7,27,3,35,50,51,6,49,42,46,15,52,34,58,12,45,25,72,18,40,62,64,29,32,14,68,2,8,13,43,21,31,11,69,19,33,16,44
"278",11,39,32,47,4,48,20,58,25,36,56,68,9,28,8,26,1,10,51,66,44,52,16,33,57,59,23,49,21,70,6,53,37,60,24,61,17,63,14,43,34,46,38,50,13,45,3,65,2,72,54,69,15,35,5,42,19,31,12,67
"279",32,61,26,31,14,30,1,12,2,7,25,47,11,66,59,60,35,69,58,62,21,53,9,18,5,6,15,56,22,46,13,70,41,64,29,38,39,72,17,55,3,63,36,44,34,48,19,54,10,71,20,42,37,50,51,52,24,40,4,49
"280",19,62,50,70,11,59,47,51,26,65,3,5,63,71,4,7,20,53,29,35,28,42,34,36,24,60,37,41,8,13,14,48,38,52,21,46,18,40,16,68,6,56,15,25,57,72,17,32,22,55,10,49,9,67,23,43,2,39,27,69
"281",6,20,33,50,11,17,12,69,19,28,10,26,23,48,5,34,42,72,57,70,15,37,13,51,54,68,4,22,16,24,58,64,27,65,3,21,14,66,2,32,7,30,40,67,47,63,38,61,9,41,31,45,44,62,1,29,18,55,25,46
"282",1,46,5,43,23,34,12,60,16,70,6,57,8,49,41,56,10,38,53,69,65,68,18,52,22,71,42,50,19,51,28,54,17,25,31,39,59,72,33,67,30,47,2,9,58,66,3,26,55,61,4,62,36,37,14,63,11,21,7,13
"283",21,50,28,44,5,61,43,53,13,42,7,72,22,38,30,55,6,41,52,64,23,39,16,26,49,71,65,68,34,35,20,24,2,4,1,8,40,48,27,47,12,69,14,37,10,56,9,11,25,70,32,45,58,59,33,54,57,66,19,60
"284",6,71,28,48,16,22,47,72,18,53,12,43,9,21,40,41,38,51,3,59,30,55,25,35,17,58,10,44,64,70,37,67,39,60,42,69,45,68,1,26,4,57,32,61,13,66,24,54,5,29,7,27,52,65,8,20,46,50,2,36
"285",40,66,34,42,24,45,19,71,38,47,9,28,7,22,10,11,3,21,39,63,6,67,58,68,8,55,31,49,29,51,26,60,41,72,32,56,5,54,4,48,46,64,13,70,44,53,17,59,1,14,12,35,18,62,30,57,16,23,20,36
"286",54,67,36,50,29,71,17,41,11,26,20,52,43,65,21,46,33,57,8,60,4,49,23,45,15,66,7,56,19,27,32,34,6,62,24,53,9,51,44,70,58,72,5,55,28,30,10,22,13,40,59,63,1,31,2,64,14,69,42,61
"287",12,56,30,39,41,70,32,69,16,18,49,71,6,22,10,26,2,9,21,43,14,28,20,57,45,54,8,29,59,67,7,36,34,42,33,46,25,58,35,48,17,53,63,64,37,68,38,62,19,27,15,55,13,52,1,65,24,47,11,31
"288",22,33,28,63,49,57,12,58,9,62,13,17,18,30,29,54,53,72,40,47,3,8,16,19,44,51,21,59,7,41,46,61,45,64,2,4,32,68,11,36,38,70,24,35,55,71,39,66,20,50,26,60,23,27,14,48,25,52,5,10
"289",9,68,8,64,6,54,10,48,16,39,27,47,30,43,23,25,15,26,22,33,61,70,13,35,38,58,67,72,32,71,19,52,56,69,37,60,14,62,44,66,17,28,4,20,18,31,42,59,50,51,40,57,12,29,1,63,21,45,46,65
"290",49,64,13,46,6,39,62,68,5,38,19,57,41,59,42,63,12,28,47,50,18,52,2,53,1,31,16,65,54,72,26,35,25,44,60,70,14,37,45,67,29,48,10,17,51,71,30,32,21,34,33,40,23,56,11,36,4,24,7,69
"291",13,30,20,21,23,51,36,41,40,50,52,63,28,62,17,65,33,58,4,10,7,56,2,45,44,71,11,22,12,24,34,35,6,27,46,69,19,70,66,68,15,60,3,49,29,38,32,55,31,72,8,26,42,67,37,54,16,39,25,47
"292",59,70,3,23,18,25,30,56,9,57,2,51,15,31,11,37,16,20,12,62,10,65,34,48,40,64,1,43,61,63,55,66,6,7,17,68,4,45,21,24,29,69,22,60,27,33,32,67,44,52,26,49,13,72,42,53,5,28,39,58
"293",4,36,22,23,26,60,37,61,44,65,17,27,21,51,52,71,16,72,38,67,43,50,29,49,9,62,12,32,11,41,45,55,39,57,5,46,10,69,33,56,7,20,34,53,31,64,42,66,48,59,25,35,24,68,3,15,2,40,58,70
"294",59,64,7,67,21,23,34,58,33,49,6,50,65,66,36,51,17,19,20,22,5,38,3,68,30,72,55,57,24,71,11,41,2,46,40,54,26,56,45,48,13,31,18,70,16,25,12,27,8,29,62,63,4,35,1,9,15,47,53,60
"295",48,64,27,65,30,35,19,43,7,13,14,25,58,60,40,49,11,54,6,45,15,20,22,51,56,59,10,41,23,50,26,46,17,29,24,70,44,71,37,53,28,62,2,4,3,68,47,57,8,38,32,61,18,66,12,36,67,72,9,52
"296",47,49,37,64,1,36,40,63,41,56,20,61,34,46,18,24,4,25,31,72,9,15,8,29,14,65,2,62,17,38,3,45,30,70,27,28,13,69,6,54,53,68,44,67,5,23,16,21,7,66,48,59,43,57,12,55,19,26,33,39
"297",18,49,26,72,19,67,46,62,5,64,14,45,12,69,8,32,11,65,22,59,25,28,20,54,34,39,7,42,23,24,13,48,38,66,17,44,31,40,29,58,27,41,30,63,4,47,10,37,55,70,21,71,36,43,15,52,33,53,16,57
"298",25,33,65,71,26,40,52,61,10,22,38,51,5,41,3,48,23,70,14,32,4,63,18,36,27,43,13,16,17,67,35,68,6,47,37,59,7,57,9,54,34,46,1,50,42,62,19,60,55,58,56,69,11,20,2,31,21,28,15,39
"299",36,43,38,65,11,45,9,60,2,31,32,44,16,53,51,64,68,69,24,37,26,48,62,66,35,54,4,50,5,10,13,72,15,40,23,33,14,18,1,21,8,70,12,58,19,42,6,17,3,71,55,59,20,28,7,30,47,52,29,46
"300",17,21,62,64,10,68,1,2,53,66,4,27,33,52,22,46,29,55,38,50,41,69,47,72,44,61,42,51,35,49,6,56,36,39,18,40,7,26,32,71,3,58,19,28,13,65,25,60,8,48,14,59,16,24,15,43,11,70,20,31
"301",5,54,30,37,41,51,45,72,67,68,8,71,11,56,31,65,28,62,39,52,49,55,33,69,6,43,4,66,22,36,2,17,1,35,3,47,7,64,38,60,9,32,13,57,10,27,46,70,14,16,48,61,26,59,23,50,19,58,24,44
"302",6,63,58,60,2,32,3,25,39,52,16,41,5,55,30,61,11,69,40,71,21,44,1,28,54,65,4,23,18,46,20,24,66,67,22,70,19,26,14,47,9,29,50,62,51,56,17,38,12,72,8,34,7,48,35,45,15,31,33,64
"303",7,32,14,71,4,9,18,54,47,51,23,30,39,69,6,35,41,59,42,62,16,28,29,36,40,66,24,34,53,65,44,46,22,38,19,63,21,67,48,68,20,57,3,52,2,15,11,72,10,26,33,70,25,60,31,61,43,55,17,64
"304",26,42,21,69,9,10,49,58,34,50,4,41,37,39,13,52,11,20,7,31,1,22,15,48,54,59,2,71,5,16,43,45,51,55,19,29,27,68,6,72,57,65,24,70,23,28,8,67,17,33,56,60,32,36,61,66,25,53,3,12
"305",9,39,26,66,23,40,16,32,1,69,5,21,65,71,20,48,3,52,42,62,13,36,18,41,6,29,50,63,4,56,19,27,17,49,22,57,11,51,12,31,2,37,14,61,35,70,15,45,54,72,10,24,33,55,8,59,58,67,53,60
"306",50,51,35,68,12,72,22,53,21,26,1,56,37,46,57,67,54,61,2,70,10,32,66,71,27,44,38,63,58,59,3,14,20,25,5,65,6,52,17,62,28,64,7,19,29,36,11,48,4,55,8,18,15,42,24,60,40,41,39,49
"307",46,65,47,56,4,37,53,70,3,11,49,61,25,71,40,69,35,57,16,63,50,60,27,30,22,59,1,31,18,42,45,48,33,58,8,64,28,52,36,68,26,34,7,38,66,67,12,41,9,39,2,13,23,44,15,43,6,55,14,24
"308",35,67,29,65,26,70,23,38,7,37,5,32,53,57,25,49,17,63,16,40,8,11,2,39,10,56,15,44,43,61,51,52,64,68,50,69,1,18,21,41,22,28,4,58,12,30,33,36,9,71,13,20,19,62,24,27,47,72,31,60
"309",20,28,59,72,12,55,19,31,26,40,36,64,34,60,48,52,29,71,44,47,38,39,7,9,16,54,50,63,42,56,4,57,5,70,13,30,22,24,18,53,27,68,23,35,10,58,37,46,2,8,41,49,1,6,32,65,45,61,43,51
"310",11,34,2,28,46,58,65,69,9,72,49,64,26,35,7,67,3,45,8,25,18,71,23,27,1,38,5,48,21,63,44,60,15,29,19,30,4,20,36,41,31,59,51,54,47,55,10,22,12,52,33,61,13,57,50,56,6,37,42,43
"311",8,42,27,55,10,70,16,26,21,65,15,29,47,48,35,37,12,68,7,33,43,53,41,60,28,36,23,59,18,69,17,19,25,39,2,44,9,64,5,13,11,54,46,49,32,51,14,71,22,72,6,40,4,67,31,38,3,62,20,34
"312",7,12,6,29,1,4,3,30,32,44,66,68,15,59,35,70,5,17,27,65,16,45,69,71,42,57,18,28,40,62,10,60,9,19,14,46,8,53,63,72,38,54,36,50,26,47,22,49,13,24,58,61,64,67,33,37,52,55,41,51
"313",10,22,19,47,44,69,49,53,11,12,25,43,2,36,35,71,56,67,21,45,33,38,31,59,3,26,1,70,13,14,51,66,61,72,32,41,58,60,17,39,27,48,28,46,63,65,9,24,5,57,23,40,15,34,8,42,37,64,16,20
"314",48,61,9,20,33,68,5,51,26,34,14,15,12,71,2,11,13,41,28,54,16,36,37,65,21,59,23,50,4,8,30,39,40,70,19,52,24,45,49,60,32,69,44,46,66,72,38,55,35,62,1,64,7,63,31,57,27,56,18,67
"315",17,51,41,55,28,49,36,56,12,13,8,37,63,64,59,66,18,57,20,34,32,44,35,50,10,45,9,61,1,15,6,39,24,67,3,30,23,42,43,52,21,53,48,60,46,72,4,16,58,71,26,33,7,25,40,65,31,47,27,29
"316",3,15,28,40,14,48,56,64,46,57,34,72,42,53,25,39,12,36,38,71,13,61,11,44,26,29,23,33,4,31,60,66,17,27,63,69,41,55,20,49,21,45,6,16,47,70,2,62,10,68,19,24,30,52,9,51,32,54,43,65
"317",7,8,28,59,10,34,9,37,32,67,44,68,2,35,11,36,5,65,30,61,27,43,20,23,21,60,29,57,19,56,33,40,14,54,15,25,64,71,46,49,13,50,1,42,24,45,47,48,22,38,4,51,31,70,6,66,18,63,26,72
"318",13,59,39,46,26,71,12,66,25,32,6,30,5,64,24,42,17,60,31,53,2,72,29,56,37,48,23,34,50,62,9,16,10,40,28,67,3,54,33,52,7,14,41,44,1,43,49,61,8,63,4,69,18,58,51,70,36,65,22,27
"319",62,67,18,30,19,25,6,48,49,70,1,8,20,65,27,50,15,34,14,24,12,26,51,71,3,63,39,54,33,59,16,38,23,57,40,64,2,58,7,10,42,43,17,56,22,41,21,47,46,72,11,68,55,69,5,53,29,37,28,31
"320",9,66,10,23,4,58,16,19,62,67,31,50,6,43,38,44,3,70,11,40,13,18,12,17,54,72,25,27,14,37,61,71,24,52,33,53,49,68,32,47,26,63,59,60,30,65,1,69,28,34,15,56,7,46,22,55,20,42,8,57
"321",33,36,11,30,41,65,8,43,17,64,4,27,32,56,3,44,9,10,19,39,2,42,46,67,5,23,24,66,14,55,1,22,13,61,28,37,49,59,29,63,35,50,15,69,60,68,21,25,26,40,34,48,16,62,18,20,12,45,38,53
"322",11,70,2,67,9,54,14,51,53,63,3,55,46,64,49,50,22,65,21,36,8,41,13,33,10,35,19,34,40,58,1,16,61,68,15,56,5,29,45,69,6,28,42,48,60,66,37,52,31,62,24,43,25,27,7,32,12,38,20,39
"323",33,70,15,53,52,57,21,35,37,50,40,68,25,39,5,18,28,63,7,56,24,60,4,59,22,72,45,71,30,54,11,42,1,34,14,55,51,67,10,12,13,32,31,41,26,48,47,66,23,61,20,46,3,64,43,49,9,17,36,58
"324",21,56,20,30,58,72,10,16,8,71,26,35,4,63,6,12,22,67,18,40,5,66,57,60,23,61,46,49,11,45,2,65,13,19,33,70,43,52,38,53,24,25,9,68,31,36,29,54,17,34,15,27,50,51,32,48,1,42,47,55
"325",4,37,10,68,50,54,28,48,15,41,45,55,5,52,2,49,35,51,64,67,20,29,25,69,26,62,21,30,19,43,1,63,23,65,14,57,13,27,38,44,34,71,11,61,56,72,33,66,12,36,18,31,6,70,8,22,9,40,3,42
"326",32,34,3,7,24,61,37,57,10,48,9,23,22,38,36,70,2,62,26,39,20,47,4,11,41,63,28,49,19,53,42,51,12,29,15,59,1,65,13,55,25,58,5,30,35,46,52,67,45,72,60,71,31,40,18,54,16,33,64,68
"327",25,69,8,64,32,41,22,68,63,71,11,60,34,67,28,44,30,65,5,24,12,31,16,35,10,42,18,37,20,56,17,47,13,66,29,51,40,43,33,38,19,49,15,23,50,70,14,21,53,55,6,39,7,46,4,62,52,57,48,72
"328",53,64,15,21,11,13,38,54,2,61,4,20,19,22,26,47,35,59,14,49,55,62,36,52,28,65,67,70,9,56,29,43,27,31,8,72,16,58,63,66,5,71,7,37,10,40,32,34,3,18,30,60,1,45,12,48,41,51,42,57
"329",11,16,29,64,8,22,28,43,26,47,14,41,7,69,30,48,38,58,23,71,33,49,32,66,4,72,44,70,5,45,60,62,42,57,10,36,24,61,1,31,37,50,2,3,34,40,13,55,21,68,54,59,15,46,25,52,12,27,35,67
"330",1,14,20,54,4,29,30,45,11,70,52,62,8,35,51,69,16,46,37,39,13,24,3,6,22,27,26,32,9,34,44,67,60,64,12,42,28,36,21,47,18,59,38,61,7,57,58,71,19,65,17,66,5,15,43,56,33,50,55,63
"331",23,30,29,61,36,67,19,41,18,69,7,38,1,51,12,54,53,65,9,72,25,63,34,58,22,39,4,44,2,26,45,70,28,48,37,71,11,64,20,56,62,66,27,60,10,21,8,46,3,24,35,43,42,55,15,16,14,68,40,47
"332",1,63,4,38,40,47,35,50,5,45,49,51,32,43,7,57,9,18,8,36,3,16,12,48,2,28,20,72,33,41,42,46,15,67,29,65,6,71,13,30,59,70,31,58,60,68,10,52,54,66,22,27,39,62,21,64,25,55,24,34
"333",49,63,4,9,19,24,10,21,23,36,26,45,42,69,54,57,55,62,5,34,20,32,18,39,22,50,8,14,2,6,27,33,25,43,35,58,53,67,17,52,48,71,1,28,60,61,41,59,15,40,11,65,29,66,56,68,37,46,12,72
"334",9,57,30,47,35,64,16,25,43,52,36,61,56,60,11,53,31,41,48,58,32,33,42,45,6,27,38,39,24,34,18,46,7,29,1,14,44,68,19,59,66,72,3,37,67,69,17,26,51,71,22,65,5,49,15,21,2,23,28,40
"335",43,63,5,60,57,70,19,54,16,50,21,51,29,58,30,65,1,40,11,23,46,47,33,61,4,13,24,64,3,72,45,52,6,15,26,68,12,20,2,28,7,8,36,67,44,71,9,37,34,62,32,39,27,49,35,69,17,66,25,59
"336",8,55,31,63,2,13,39,42,16,57,45,61,3,41,10,43,9,15,52,60,28,64,29,46,17,72,30,53,24,37,27,58,36,40,12,66,38,71,25,51,21,70,20,22,6,67,4,5,33,68,47,56,7,19,32,44,35,65,59,69
"337",24,57,10,41,13,58,34,55,17,42,8,11,1,44,3,15,50,60,63,65,2,62,25,53,20,66,16,69,45,56,48,70,22,29,47,68,5,32,6,46,35,64,31,49,28,71,12,54,14,52,19,40,7,9,51,72,26,27,4,21
"338",26,36,43,53,2,58,10,29,30,69,35,38,8,39,61,68,17,59,7,66,33,48,44,50,20,21,49,55,16,40,32,52,41,54,27,56,23,71,3,28,5,42,11,72,60,64,14,15,1,47,12,57,63,65,13,24,18,45,31,67
"339",35,43,45,53,5,62,28,72,47,63,65,67,23,64,9,29,33,46,39,60,41,55,17,58,6,42,8,69,7,16,19,32,11,12,26,70,13,71,1,51,14,50,31,44,24,38,15,20,25,68,4,36,18,66,52,57,30,61,34,54
"340",24,25,17,33,12,39,23,32,54,72,41,52,13,15,4,70,20,58,59,63,31,68,27,56,5,18,11,65,50,69,26,64,48,55,6,43,7,51,35,44,22,62,36,49,10,53,60,71,14,45,2,40,34,38,8,61,28,57,37,42
"341",13,18,12,63,24,35,28,68,32,62,6,22,17,23,9,71,14,38,37,40,21,61,57,60,30,34,41,51,36,65,19,29,26,66,48,50,7,39,44,56,20,54,3,67,31,64,2,27,25,47,43,72,16,42,55,70,45,58,15,46
"342",43,52,47,65,42,71,22,31,33,62,8,14,7,55,18,27,10,46,9,30,51,58,56,63,39,49,2,53,34,54,11,68,12,17,41,50,6,25,4,29,15,36,13,40,23,67,5,44,32,60,16,72,28,37,20,64,48,61,59,70
"343",37,71,29,32,15,22,23,51,38,48,21,56,1,14,61,66,12,68,19,36,41,60,53,72,31,70,10,47,4,5,33,35,2,64,50,59,28,55,45,52,27,46,49,69,54,65,34,57,8,11,6,26,25,40,3,39,7,42,17,20
"344",6,60,13,59,67,71,3,40,1,17,55,66,19,50,15,28,12,24,2,35,14,39,48,57,10,44,20,68,61,70,43,54,27,32,34,47,18,29,4,26,69,72,8,36,42,58,41,46,30,38,21,53,5,45,7,31,25,51,22,64
"345",37,65,9,23,21,46,5,17,2,3,26,41,13,62,43,54,44,53,52,55,18,31,28,42,40,59,30,50,6,15,1,71,39,61,8,38,20,51,19,72,49,63,22,33,16,57,25,45,4,56,34,66,64,70,12,67,27,69,36,60
"346",37,50,35,62,12,14,22,30,20,63,39,58,5,55,61,67,26,45,4,18,6,42,38,72,8,43,27,71,21,64,3,36,15,69,16,48,40,56,10,34,53,68,47,70,31,51,49,54,28,66,9,46,25,41,2,33,23,60,11,24
"347",34,44,31,50,36,58,45,47,2,19,17,38,21,22,27,67,66,72,25,52,3,26,4,55,63,69,39,53,6,13,5,62,33,68,28,56,11,48,15,64,23,46,8,12,32,42,57,59,9,49,10,51,29,35,41,65,40,43,1,18
"348",35,48,6,41,19,61,22,70,16,46,11,68,9,17,7,15,2,69,26,47,5,23,33,67,37,55,36,49,4,51,52,56,62,65,18,43,54,58,32,50,10,29,25,31,13,45,1,21,30,44,12,39,14,60,27,40,42,59,8,71
"349",47,55,5,49,7,44,41,58,18,65,4,8,22,37,29,48,15,20,30,42,56,69,38,72,11,14,66,70,2,63,26,33,10,32,31,67,19,57,3,52,1,54,17,23,24,36,16,68,12,61,28,43,6,27,62,71,13,25,40,51
"350",16,70,6,21,3,50,24,44,14,47,4,35,9,38,22,63,40,45,23,29,1,41,12,48,11,43,33,54,55,68,7,15,8,34,65,67,25,69,10,42,2,71,20,56,32,52,18,37,28,61,57,66,31,62,39,51,27,30,46,59
"351",1,44,27,70,28,58,13,50,31,57,11,67,12,25,29,64,21,32,41,43,38,55,36,48,45,69,10,59,4,46,47,49,3,35,40,52,20,56,14,53,15,51,22,23,30,62,63,66,6,68,26,61,42,54,8,9,5,16,33,65
"352",45,64,21,68,1,18,32,65,26,30,27,42,55,56,5,44,16,38,22,58,20,48,11,51,6,59,3,60,29,49,9,33,28,66,41,43,14,34,35,50,52,70,13,15,19,37,17,72,40,53,25,62,36,61,7,12,24,67,46,57
"353",54,71,39,68,28,55,12,38,42,47,48,56,25,34,43,46,51,72,3,36,1,16,14,35,58,65,20,31,11,27,8,32,57,63,26,50,22,49,6,66,41,53,15,37,24,30,40,64,21,59,9,29,5,7,17,45,62,69,18,70
"354",6,18,35,71,13,19,14,68,7,63,16,21,28,47,8,39,64,65,23,54,5,53,31,58,29,69,2,51,42,57,12,48,40,72,24,27,22,32,49,66,17,67,9,56,46,55,3,4,1,41,60,70,45,50,30,61,11,44,33,38
"355",35,59,9,31,30,38,24,33,17,22,26,46,70,72,48,52,54,68,32,41,2,21,20,37,55,60,51,71,6,64,14,42,13,39,50,58,1,67,15,45,10,16,7,69,62,65,18,36,4,12,53,57,11,43,40,63,23,28,5,27
"356",30,60,5,17,21,51,11,36,16,37,48,64,3,65,20,50,33,72,53,56,12,61,8,34,4,26,49,70,40,71,59,68,22,52,29,45,23,38,42,66,9,55,28,31,58,63,18,69,24,43,2,44,27,67,6,25,19,39,13,46
"357",12,70,10,30,60,71,8,67,2,20,37,62,48,59,1,13,17,65,14,49,18,40,9,38,61,69,31,57,26,44,16,52,15,72,6,68,19,63,3,43,25,64,24,29,50,55,33,45,5,53,41,66,21,51,4,7,28,56,34,42
"358",1,9,19,48,26,69,31,67,17,18,11,33,4,45,34,64,37,46,30,57,70,71,7,47,14,61,51,66,25,62,2,24,32,55,39,50,20,49,43,56,13,41,58,65,27,42,23,68,8,59,36,38,3,40,28,44,21,22,60,72
"359",3,48,58,67,45,50,10,19,7,72,12,38,31,52,14,54,2,57,6,61,51,64,16,47,13,17,40,43,46,53,5,60,27,66,22,29,9,62,35,55,24,69,1,30,33,44,18,37,11,39,26,41,20,34,63,70,8,23,42,65
"360",22,31,32,42,41,66,26,37,12,47,34,68,70,71,15,46,10,27,24,29,8,60,17,58,18,59,64,72,23,62,21,36,3,52,14,25,51,53,19,55,39,61,16,57,6,69,7,43,38,54,63,67,11,48,13,56,30,35,1,40
"361",3,57,26,59,24,58,25,68,14,27,65,70,45,51,12,53,1,38,56,63,22,69,7,60,36,49,15,71,32,43,20,29,10,62,5,41,47,55,19,35,64,72,23,37,6,28,8,42,16,30,21,61,31,48,18,54,4,11,2,13
"362",26,33,27,51,4,17,5,43,64,72,2,6,28,57,38,53,15,59,3,44,13,63,36,54,18,58,22,52,39,47,12,16,40,62,11,35,7,71,41,67,25,32,14,34,10,65,45,55,37,56,21,48,19,68,8,70,20,30,1,61
"363",10,70,11,18,56,66,13,58,51,69,33,57,29,45,20,37,7,25,12,21,39,47,6,44,30,52,34,72,23,68,22,40,49,54,24,50,5,59,31,35,62,67,43,60,16,17,4,53,55,71,9,15,41,42,26,46,1,3,28,36
"364",8,34,1,30,22,49,27,65,25,47,55,66,3,21,35,52,38,53,37,48,12,28,23,44,46,50,5,33,26,29,6,24,36,68,16,20,7,15,10,11,13,62,60,67,17,58,9,43,40,54,2,41,14,69,39,64,56,59,42,45
"365",41,47,22,42,58,69,15,57,3,6,51,72,19,59,30,68,16,28,9,32,8,21,14,33,18,60,1,65,36,46,37,48,39,45,62,67,13,70,52,71,17,25,10,53,2,12,40,61,11,64,26,54,7,44,23,24,20,27,50,63
"366",25,52,46,70,18,33,34,49,20,59,7,68,9,21,11,62,4,16,36,42,19,61,28,58,55,72,35,53,6,57,39,63,17,45,32,60,43,54,1,48,29,67,13,15,26,30,37,40,27,41,23,31,8,47,3,24,44,71,12,51
"367",45,68,56,64,18,66,5,71,3,62,27,39,10,46,43,70,33,60,13,38,9,59,54,63,34,40,24,65,12,37,16,36,41,50,55,72,15,47,32,44,8,58,31,49,7,22,4,19,17,28,11,14,29,52,6,51,61,67,53,69
"368",58,62,4,13,63,67,28,47,20,68,18,69,39,48,5,52,6,38,26,41,19,59,29,56,22,40,14,64,10,44,17,53,34,43,42,60,11,50,61,65,7,46,2,30,24,66,21,70,1,3,27,54,49,72,15,25,9,36,57,71
"369",8,69,32,64,44,45,16,42,48,65,28,47,50,61,49,70,15,36,33,66,34,37,31,51,12,35,24,26,52,60,2,14,11,38,23,67,43,63,17,30,9,56,41,53,3,19,39,71,5,21,27,59,7,18,22,57,4,46,13,40
"370",32,72,7,24,10,11,22,48,46,51,49,71,13,21,52,55,25,35,23,68,65,67,3,66,40,45,27,31,9,26,15,63,20,59,37,47,18,19,58,62,4,50,33,69,16,34,43,61,39,42,12,54,6,44,53,56,17,64,5,14
"371",3,19,8,45,36,72,28,66,61,64,20,37,2,41,33,69,52,65,23,54,18,42,4,34,44,46,21,71,9,26,31,60,32,68,25,55,16,38,11,35,6,22,29,49,30,48,7,53,1,5,10,57,14,47,27,62,51,58,13,56
"372",2,54,30,43,1,58,51,62,10,39,5,56,13,17,25,57,16,22,32,50,15,18,3,44,26,63,24,52,19,23,65,66,45,72,8,48,67,71,29,31,37,49,21,61,68,70,41,64,4,40,11,47,12,34,35,53,7,69,38,60
"373",1,42,11,52,17,54,32,35,10,65,4,58,21,22,9,64,33,34,47,49,13,19,12,25,38,55,20,56,3,51,5,40,29,69,14,68,37,62,57,63,39,60,44,72,8,26,15,24,36,59,7,67,43,71,2,6,28,50,16,70
"374",2,70,36,40,5,32,30,69,59,67,7,65,56,71,3,42,17,45,38,43,12,28,49,52,16,33,27,54,8,25,29,55,23,61,6,50,24,63,34,37,4,51,21,39,1,48,26,47,18,20,46,53,22,31,14,41,11,60,19,66
"375",13,34,50,52,16,27,9,41,3,59,6,53,47,60,26,51,4,55,14,58,22,32,63,70,46,69,7,43,2,66,23,25,38,57,49,71,39,44,31,40,1,37,19,54,11,45,5,61,29,35,28,67,8,10,12,65,62,68,18,42
"376",17,40,26,58,21,54,50,71,14,55,9,47,27,60,44,67,29,46,3,43,38,61,30,41,4,7,52,57,1,39,20,36,33,59,5,34,16,49,53,63,18,65,19,31,15,66,42,69,37,45,6,48,25,72,8,24,12,13,11,56
"377",11,32,7,63,6,16,8,58,5,19,37,49,18,43,34,38,14,26,30,51,55,69,29,39,24,48,33,47,52,72,3,61,10,46,1,25,35,56,22,64,27,60,12,17,21,62,50,65,42,68,23,59,36,54,20,57,28,53,15,44
"378",29,44,14,18,17,59,66,67,36,50,9,20,31,42,1,61,39,60,7,30,11,69,45,47,2,19,57,72,33,62,10,12,63,68,21,32,23,54,28,49,8,53,37,38,4,58,13,51,27,64,15,70,5,56,3,35,26,48,24,34
"379",5,61,24,66,52,68,70,72,1,22,28,40,43,56,12,23,36,54,49,65,18,20,3,30,46,50,31,48,41,44,35,63,7,58,37,51,10,11,21,47,16,55,42,62,34,59,32,33,9,60,17,19,8,45,53,64,4,13,6,57
"380",19,31,25,61,9,59,18,21,10,23,33,40,26,28,32,49,51,57,60,62,17,66,3,63,30,54,7,39,6,67,4,48,24,34,45,50,15,42,58,64,14,46,37,44,35,53,1,8,29,72,2,55,22,43,52,68,16,41,5,69
"381",21,33,59,62,14,18,19,40,30,61,49,67,22,39,6,16,53,55,35,60,2,44,5,68,12,65,31,63,3,11,38,56,1,37,47,64,36,51,27,52,24,45,17,54,66,70,46,58,20,25,4,41,8,13,29,71,10,42,23,72
"382",7,16,23,53,3,41,11,32,2,5,15,17,34,47,27,54,62,72,55,60,36,37,52,58,8,45,21,31,33,43,35,63,25,66,4,26,39,48,46,51,65,70,12,24,1,13,64,68,20,40,30,59,18,61,9,57,50,69,19,49
"383",9,58,23,45,10,36,41,44,15,49,30,63,64,71,5,69,29,56,12,16,8,47,19,61,20,57,51,54,25,72,6,17,53,62,18,60,13,43,46,65,2,11,52,70,14,24,37,55,7,26,1,33,40,48,3,50,4,39,21,35
"384",4,53,15,60,34,57,3,49,25,71,35,44,42,52,40,67,6,32,27,45,1,21,58,59,26,51,5,65,9,43,19,72,13,41,2,50,62,64,12,47,23,69,30,46,37,68,8,28,11,66,18,56,10,29,33,48,55,61,36,39
"385",2,36,24,64,7,32,3,55,17,38,9,52,46,70,14,57,15,39,10,42,37,68,11,18,60,72,6,43,12,30,48,58,41,71,29,65,4,54,8,49,53,67,44,59,16,51,5,25,23,62,19,66,13,20,47,69,56,61,34,35
"386",10,64,35,69,2,3,32,38,6,8,57,61,37,56,39,55,29,58,30,50,14,53,47,70,15,45,18,43,44,52,42,67,26,41,24,48,17,54,19,65,27,51,12,16,25,62,34,72,1,68,7,13,46,59,4,49,5,23,22,71
"387",28,39,4,60,33,52,5,24,25,51,9,54,7,64,22,70,13,35,19,56,29,30,46,61,14,16,53,62,18,45,21,27,17,32,15,67,3,55,69,72,10,42,8,11,26,36,63,71,23,66,43,47,1,50,12,37,57,58,20,41
"388",21,24,30,32,11,19,6,60,54,69,40,64,22,53,27,51,28,37,29,43,44,71,5,57,1,17,18,41,15,58,10,34,20,50,38,62,63,65,26,31,16,46,36,72,12,42,39,68,2,67,9,61,33,49,35,56,23,52,55,59
"389",36,71,8,48,39,55,52,63,3,11,31,60,22,57,4,10,6,30,40,59,16,53,15,32,7,42,37,66,38,68,46,47,45,64,41,50,5,43,12,69,9,54,2,21,17,67,14,35,25,29,58,65,18,23,24,72,20,28,33,34
"390",7,21,45,67,40,54,6,31,37,38,14,23,19,44,39,43,52,59,28,41,50,56,20,66,15,27,10,32,2,36,3,60,26,48,42,64,49,65,9,72,24,62,13,33,5,11,8,61,25,46,68,69,30,71,18,51,29,53,1,70
"391",13,51,1,32,31,63,52,65,2,57,27,54,41,64,19,66,46,71,18,20,44,59,25,28,7,14,23,45,36,49,34,37,30,68,56,70,3,38,15,58,10,48,4,24,17,22,40,60,16,61,5,9,35,50,11,62,39,47,26,42
"392",10,66,3,70,55,63,50,72,2,11,14,19,15,68,49,65,13,39,17,60,1,54,30,56,21,26,12,33,6,51,7,23,57,71,4,34,45,47,16,64,18,27,5,38,67,69,28,29,31,46,32,36,8,37,61,62,20,48,40,53
"393",8,61,36,66,16,21,19,20,25,69,45,63,32,33,29,39,38,40,57,65,24,31,7,51,26,58,9,48,34,49,43,62,42,44,10,41,27,56,18,52,30,59,15,53,23,50,35,46,55,64,28,47,5,72,14,67,11,22,2,54
"394",46,58,42,55,40,52,21,49,15,48,20,31,44,65,27,38,5,50,26,35,22,56,12,66,47,59,6,23,17,68,3,37,11,16,10,33,8,30,19,62,54,64,53,67,36,60,29,39,18,25,9,13,28,70,2,69,14,43,7,34
"395",4,49,30,58,17,51,32,46,31,68,43,48,5,47,24,39,1,25,16,62,11,66,18,35,38,64,41,70,45,53,27,42,26,40,12,52,23,29,61,71,8,14,3,44,6,34,13,33,37,65,60,63,36,54,15,57,20,21,19,59
"396",5,59,48,60,9,49,19,35,21,52,12,71,41,42,26,34,18,45,6,44,31,54,40,69,2,20,57,62,33,43,23,38,27,61,8,68,14,15,30,67,22,58,1,65,29,39,36,66,10,13,47,56,25,50,24,32,3,28,11,53
"397",2,31,43,48,64,68,16,29,37,38,8,70,10,53,17,32,21,39,6,69,13,20,11,72,41,54,18,51,22,66,5,26,36,65,27,34,14,15,52,67,44,61,24,55,30,62,9,60,3,25,7,33,19,56,47,58,1,49,4,35
"398",13,66,28,67,5,27,26,43,24,69,1,18,39,40,37,44,19,50,51,70,12,45,58,72,7,46,3,15,14,21,56,63,34,59,17,52,47,60,20,32,53,54,55,61,8,57,4,16,2,6,31,68,30,41,9,62,11,71,22,25
"399",7,34,37,52,16,43,17,32,44,56,1,23,4,39,55,57,46,64,3,10,11,60,24,70,25,63,29,54,5,71,58,67,35,36,30,50,61,72,19,38,6,18,33,69,9,53,8,42,20,65,26,51,15,21,27,48,22,28,13,68
"400",24,25,43,61,11,72,54,60,28,55,13,42,26,62,6,7,3,10,16,41,4,58,31,70,15,49,23,46,1,71,36,40,30,38,35,53,5,50,9,12,33,64,39,65,27,45,19,67,51,57,21,59,14,63,29,52,44,66,18,22
"401",48,56,27,57,18,50,34,49,7,68,1,39,30,47,64,71,11,26,20,69,58,67,5,32,19,21,12,24,44,63,43,65,17,72,22,54,2,62,36,66,14,29,23,45,40,70,4,33,42,51,38,59,31,46,16,55,37,41,3,15
"402",1,53,29,46,18,40,15,47,4,38,19,33,41,71,7,49,36,64,54,56,25,51,35,61,24,28,11,69,20,60,50,62,23,68,37,43,17,48,3,27,12,65,52,57,30,63,42,72,5,67,2,59,55,58,10,21,14,39,26,34
"403",42,68,10,16,6,32,39,67,21,23,31,72,8,35,22,34,28,46,1,60,25,44,19,29,50,63,5,69,11,48,27,70,2,45,3,38,52,65,53,66,13,62,33,55,12,14,51,64,7,40,18,43,9,37,57,61,24,54,17,56
"404",27,66,58,63,21,41,24,50,29,42,36,62,38,54,15,16,35,55,22,52,13,46,31,69,45,48,9,47,4,72,32,34,23,60,26,49,37,59,40,61,6,14,64,67,1,11,3,71,30,39,28,33,7,44,51,57,8,43,12,25
"405",12,32,31,60,1,71,20,67,58,66,21,34,3,45,23,35,7,61,18,72,42,48,10,59,22,68,5,63,26,56,6,14,30,36,4,40,37,41,49,55,17,64,50,54,2,52,9,57,24,39,19,69,15,33,11,27,13,47,8,43
"406",4,47,12,16,52,67,26,32,36,57,8,18,7,27,19,21,24,29,15,33,17,41,13,71,23,31,45,56,51,65,30,60,28,42,5,59,3,22,48,64,9,50,25,43,1,70,6,61,34,38,2,49,10,66,53,63,14,40,11,37
"407",19,26,8,24,55,56,1,29,51,65,31,42,48,68,25,66,36,53,4,69,27,62,10,30,14,67,18,23,11,17,2,46,16,37,41,45,47,59,60,63,3,70,5,21,49,61,9,50,12,57,39,64,7,71,43,54,22,35,28,34
"408",53,59,61,69,44,47,25,31,16,42,39,49,2,29,22,45,14,52,17,50,10,21,27,33,37,71,9,72,62,65,12,70,32,67,7,60,6,24,3,51,19,58,13,41,8,18,1,20,28,63,30,54,56,64,40,66,4,34,43,48
"409",26,37,27,45,46,48,15,19,9,23,41,63,34,50,31,61,24,40,30,67,4,33,62,72,3,65,1,47,13,28,8,29,2,60,18,58,25,66,49,55,17,20,16,56,39,53,7,59,6,42,5,51,43,70,12,22,35,64,21,54
"410",60,71,22,69,6,28,47,59,1,62,54,61,3,45,11,41,17,44,7,12,4,66,14,52,25,56,23,63,2,34,29,32,46,67,26,57,13,55,48,65,39,51,18,38,36,50,19,27,21,24,8,31,30,68,37,72,15,49,20,64
"411",16,47,3,9,43,66,45,70,35,69,39,64,7,57,29,48,24,51,2,54,19,25,34,52,12,62,1,36,8,56,42,53,41,63,5,60,6,58,40,71,14,27,4,15,31,61,30,37,17,28,21,38,11,46,65,72,67,68,20,26
"412",24,46,6,36,3,27,57,63,29,47,37,52,49,67,15,50,8,19,1,71,5,31,12,51,13,38,9,32,26,55,10,70,2,65,20,39,16,30,28,59,33,43,11,58,25,53,48,69,21,66,17,60,42,44,62,72,22,40,14,64
"413",9,46,23,43,28,52,57,72,3,39,4,41,14,31,17,35,5,54,36,45,24,25,20,29,48,50,49,66,16,34,18,47,8,30,58,64,38,40,51,60,12,63,11,55,19,71,1,37,65,68,26,62,6,44,7,53,13,32,10,59
"414",37,72,9,36,40,54,28,30,24,51,2,6,13,56,55,60,14,46,41,49,8,48,15,31,43,62,19,33,59,69,4,65,21,26,57,70,1,39,10,18,16,67,17,23,22,27,38,64,5,11,42,50,34,61,7,45,32,68,25,29
"415",20,38,32,45,11,55,22,47,41,67,12,17,30,39,28,34,4,25,51,61,36,42,3,14,27,40,13,72,2,65,16,53,9,63,44,60,43,58,15,19,18,31,21,46,1,68,26,71,7,70,10,23,49,57,59,64,48,69,52,54
"416",49,69,36,59,11,42,24,62,14,66,33,47,57,65,26,71,44,48,1,4,45,53,15,39,2,56,41,54,50,67,18,55,19,31,61,72,13,64,20,37,8,27,7,16,9,22,5,21,28,70,40,52,25,34,10,32,12,51,58,63
"417",13,32,54,66,3,36,33,64,5,30,2,22,35,44,63,67,17,72,39,42,12,68,6,23,37,45,65,69,11,58,14,51,16,34,10,38,28,59,19,40,46,52,9,55,4,15,24,49,31,50,7,57,29,70,21,61,26,71,27,60
"418",51,72,21,54,45,55,19,60,11,30,40,46,6,48,3,56,20,31,2,63,42,58,33,44,16,38,10,17,15,25,49,71,4,66,27,37,61,62,18,65,29,64,5,34,57,59,28,41,24,50,1,13,8,9,36,43,7,52,35,69
"419",5,12,10,36,34,43,11,64,51,58,8,57,67,68,30,32,22,47,18,54,27,42,1,26,4,46,71,72,48,55,19,63,40,49,20,33,17,50,6,9,13,16,2,52,31,65,7,23,21,60,45,70,28,69,3,14,39,62,38,59
"420",10,31,1,33,46,55,16,24,43,63,11,68,39,56,7,44,37,58,22,25,6,17,48,59,5,14,2,9,4,72,50,51,45,47,8,35,28,29,18,36,23,32,65,70,30,66,3,12,41,60,34,67,19,61,15,53,49,52,20,40
"421",8,46,53,59,34,65,43,63,28,60,54,70,12,21,11,44,1,6,2,61,41,47,30,33,9,71,13,25,4,52,17,32,7,40,3,49,16,35,15,36,22,50,39,55,5,58,48,68,23,24,31,51,20,67,18,72,29,57,26,27
"422",2,12,16,39,11,42,20,29,22,61,37,70,54,55,47,64,34,67,40,41,27,33,6,36,28,45,8,46,10,71,53,72,21,31,35,43,30,65,9,52,24,57,19,23,59,60,50,62,32,69,15,66,26,38,13,56,25,49,44,48
"423",29,51,40,65,18,67,13,54,38,66,1,6,25,63,37,68,19,47,11,46,8,44,50,52,53,60,36,55,14,61,32,71,45,56,30,70,12,24,20,48,23,33,9,42,15,62,5,26,57,58,4,17,28,64,49,72,7,35,3,34
"424",44,51,3,32,4,15,12,69,2,26,41,53,11,35,67,71,31,45,5,70,48,50,14,68,24,65,40,63,20,36,9,21,27,46,30,33,1,19,13,38,18,62,23,58,54,66,8,17,57,72,37,52,29,56,28,61,59,60,7,47
"425",21,55,61,64,26,65,12,62,67,72,13,14,58,71,36,57,17,51,20,38,34,53,1,46,35,47,48,63,22,27,9,66,59,68,25,33,3,37,19,50,11,40,7,45,30,44,39,41,6,42,15,54,23,70,16,29,4,52,8,31
"426",4,48,18,62,15,69,9,11,19,58,23,40,29,41,47,55,17,31,13,64,24,67,33,53,61,63,7,30,42,56,22,36,39,43,12,49,6,72,3,65,16,44,8,10,34,54,45,60,2,57,50,59,25,70,35,52,20,27,38,71
"427",35,49,18,28,26,64,30,37,55,70,41,54,15,71,20,42,10,46,57,68,47,50,36,44,39,65,52,60,3,38,4,23,9,61,31,34,1,58,17,67,7,13,11,19,56,66,29,59,2,51,32,40,6,43,16,72,22,48,14,62
"428",14,42,16,29,31,66,6,40,1,58,45,65,33,56,12,26,5,63,24,39,38,62,11,43,17,61,51,70,2,67,13,27,41,71,4,37,7,55,9,25,3,44,28,35,52,72,50,54,46,60,21,23,15,30,18,34,48,59,20,22
"429",14,50,42,59,16,61,9,11,24,68,21,69,12,46,32,39,20,70,36,63,28,37,47,62,33,58,2,41,3,27,56,72,5,30,7,19,1,55,48,71,31,52,35,40,6,8,49,64,44,65,26,45,10,43,18,53,38,67,22,51
"430",3,7,11,49,50,59,23,66,28,33,25,65,48,67,9,13,27,34,10,54,16,69,12,36,22,70,17,53,2,56,4,29,52,58,1,43,32,64,8,46,20,31,35,51,26,37,5,63,71,72,21,68,14,39,15,60,30,57,24,40
"431",25,50,32,54,2,68,9,55,42,48,20,52,8,17,4,64,43,47,35,37,28,66,60,63,29,62,6,15,22,72,19,34,33,51,67,70,1,61,27,46,24,36,10,58,7,21,3,39,49,71,5,31,65,69,14,57,13,26,16,59
"432",5,22,64,69,50,66,6,53,1,33,47,68,23,60,8,16,4,28,29,30,24,39,25,38,20,26,49,56,10,54,15,27,19,21,14,48,62,71,44,57,37,40,17,51,12,32,36,58,45,59,42,55,3,7,2,70,34,61,9,11
"433",27,39,1,31,19,68,2,18,8,72,32,70,20,49,54,64,21,50,11,61,33,63,13,60,66,69,23,71,9,35,14,26,7,56,24,46,28,38,40,52,16,48,5,15,44,59,37,42,22,41,47,62,3,43,25,57,6,10,34,55
"434",6,35,18,29,41,46,23,49,9,39,26,31,32,42,63,72,13,43,47,58,68,69,24,52,25,36,51,62,16,66,8,50,4,44,10,34,12,60,28,53,57,65,5,19,33,71,15,64,59,61,7,70,40,48,20,45,11,56,37,55
"435",41,68,13,59,17,48,50,54,30,32,40,51,35,58,65,69,38,42,8,20,33,61,22,45,19,57,7,37,39,71,28,52,27,43,26,44,55,66,62,63,3,60,21,49,10,15,24,25,1,46,11,23,29,72,14,70,5,64,31,56
"436",30,64,20,59,22,31,39,44,15,65,7,35,12,14,17,18,10,54,41,68,11,16,29,62,58,61,6,37,13,63,28,33,52,53,3,24,34,51,26,55,4,5,48,49,50,70,32,47,45,60,1,2,25,42,27,38,9,72,57,71
"437",23,61,35,36,2,66,5,18,25,68,22,51,41,45,30,52,1,62,13,15,31,39,34,37,6,7,27,63,43,72,42,71,26,29,16,54,9,47,44,64,53,57,12,28,4,8,32,38,50,67,20,60,49,58,10,19,11,55,40,46
"438",33,47,18,70,8,9,51,56,24,43,20,58,49,68,52,61,34,36,21,62,11,35,31,64,16,44,13,40,17,72,2,42,27,32,22,37,57,69,10,55,4,6,19,41,39,46,48,66,12,28,29,53,7,60,14,59,45,54,5,50
"439",34,56,17,67,30,62,28,61,6,24,39,43,3,60,26,38,8,25,27,71,36,37,9,31,5,58,45,47,16,72,15,33,22,54,46,68,51,66,63,70,19,69,7,41,20,42,11,13,4,53,2,10,50,52,14,32,35,49,18,48
"440",50,66,9,52,31,34,1,47,22,23,10,71,21,29,41,57,13,48,6,59,20,39,61,72,18,44,24,30,12,43,16,69,19,53,28,58,7,40,46,68,27,62,49,56,38,63,8,45,2,3,32,60,33,37,51,67,36,55,11,54
"441",26,43,23,53,13,27,46,59,3,22,44,60,50,55,4,39,30,63,37,58,54,62,33,56,24,49,32,47,34,65,15,28,10,19,8,40,48,51,1,16,18,38,9,72,42,52,57,69,2,66,17,31,5,7,11,14,21,25,68,70
"442",50,57,8,18,14,62,52,70,27,41,10,69,56,60,17,49,28,31,40,44,19,32,2,15,34,63,29,65,6,9,16,23,45,53,39,47,13,71,5,67,35,46,4,12,11,61,25,55,48,72,21,37,51,58,36,54,7,33,3,64
"443",12,71,65,70,5,15,16,23,13,24,3,20,6,46,52,55,39,56,11,26,40,62,34,41,9,44,18,28,48,50,32,53,2,8,45,57,4,43,22,61,14,17,38,47,63,64,68,69,7,10,1,51,27,66,29,58,35,42,54,67
"444",11,27,57,63,44,56,32,35,43,68,37,58,4,67,42,55,13,25,3,10,28,59,20,34,19,45,65,66,24,38,8,71,40,50,12,46,17,21,49,53,7,9,2,30,26,29,6,62,5,41,15,72,18,48,14,31,1,51,36,61
"445",32,45,3,50,20,55,27,33,14,70,60,69,30,67,17,47,42,65,11,21,1,22,28,43,34,59,36,46,23,54,26,37,44,62,15,61,4,40,8,39,13,48,29,57,31,68,2,18,5,49,35,38,16,58,24,64,10,52,12,71
"446",34,69,19,44,22,28,36,59,16,49,3,33,51,60,20,39,8,12,13,48,68,70,26,53,23,50,6,58,4,46,18,41,2,72,24,56,54,55,37,47,27,32,11,30,5,17,15,66,10,57,40,67,52,64,45,71,7,35,9,43
"447",69,70,24,53,39,64,22,58,41,57,3,32,30,59,51,68,42,44,12,15,9,63,61,67,17,34,1,23,10,60,14,16,6,46,50,55,47,65,35,72,2,48,5,45,8,56,27,37,11,19,20,38,31,71,52,62,7,54,28,66
"448",2,27,59,66,25,62,44,60,47,49,35,48,9,58,11,33,6,70,16,31,38,72,8,37,41,67,65,68,17,19,36,63,15,42,20,21,1,69,10,50,14,64,7,39,18,43,4,34,23,55,12,56,13,53,3,30,40,46,29,61
"449",39,40,29,55,15,66,5,33,3,21,17,50,42,70,9,51,4,7,2,43,57,71,69,72,12,48,10,59,44,45,16,27,6,64,24,41,32,52,35,58,22,68,23,49,47,62,46,60,26,53,20,30,13,54,25,63,11,67,14,36
"450",42,49,17,26,60,63,30,59,62,66,3,7,34,71,4,68,31,38,15,39,12,53,33,37,40,72,54,67,36,64,35,70,16,45,21,41,13,24,43,55,2,5,61,69,27,52,51,65,19,22,50,57,23,46,9,28,14,58,1,25
"451",25,33,8,64,9,40,20,44,19,37,2,59,11,38,28,67,51,63,5,26,17,54,1,60,10,70,23,71,7,36,4,32,46,55,35,66,12,13,34,65,52,61,22,30,43,69,42,68,62,72,6,15,16,41,48,56,21,49,3,47
"452",46,69,27,31,36,55,5,11,26,71,23,35,12,45,3,20,21,53,28,60,29,34,9,65,17,57,24,47,22,41,7,72,2,15,13,49,54,70,8,66,38,50,4,25,6,61,39,43,19,56,58,63,52,59,1,30,16,67,10,18
"453",38,64,3,58,51,59,33,65,62,69,6,7,41,63,2,72,15,42,55,61,28,31,19,70,5,44,9,21,32,53,39,56,12,68,27,57,4,66,10,14,16,22,18,50,26,54,11,29,1,45,34,36,13,60,25,48,17,47,46,67
"454",6,48,45,59,36,51,3,17,37,60,1,34,27,61,38,67,32,57,30,40,49,66,5,25,10,18,9,52,44,64,7,56,19,33,8,47,53,58,55,62,28,29,14,21,24,71,15,70,46,68,20,43,4,16,12,54,41,65,42,72
"455",26,67,45,57,15,43,32,51,25,64,14,24,2,47,7,17,49,56,66,68,46,54,40,70,23,42,8,22,3,13,20,65,4,69,5,27,52,61,16,62,36,72,29,71,1,21,48,58,35,39,9,44,10,38,11,33,6,50,28,63
"456",3,48,19,33,32,69,4,24,14,55,26,68,5,49,45,72,52,66,22,41,23,37,1,51,53,67,15,27,31,56,42,59,13,36,54,60,38,65,7,61,34,44,21,29,12,58,39,46,43,62,8,35,10,25,50,64,47,57,16,63
"457",22,29,49,57,33,44,42,66,8,51,6,26,45,54,5,15,2,27,14,19,13,60,50,53,10,34,39,70,1,65,31,35,21,38,4,25,52,56,32,59,71,72,43,48,30,37,18,63,9,62,41,69,24,64,28,46,55,58,23,36
"458",44,66,63,70,17,59,48,51,31,45,16,26,32,61,29,60,35,43,40,52,12,50,3,8,9,57,15,72,54,56,37,71,20,53,2,18,27,36,33,49,1,67,30,42,28,65,23,41,38,58,34,64,39,69,7,62,21,46,55,68
"459",5,62,7,48,15,67,3,33,26,60,18,49,21,25,1,37,61,65,42,56,39,72,32,53,13,43,40,51,68,70,44,45,22,69,24,27,11,35,31,47,20,66,23,52,63,71,34,38,2,41,4,12,30,57,8,14,9,29,16,36
"460",14,46,25,54,1,56,53,62,20,57,7,26,22,65,27,70,29,52,8,66,45,69,49,60,21,35,18,23,9,68,19,50,12,40,10,67,24,37,47,71,32,39,15,44,6,11,31,33,34,59,38,51,3,48,42,72,5,64,4,61
"461",33,70,1,13,4,23,56,69,17,26,11,49,24,41,18,62,22,40,43,54,36,38,34,46,5,60,64,72,25,32,42,52,12,53,8,20,30,63,10,45,65,68,3,59,7,50,15,61,16,29,48,71,27,31,6,55,44,58,14,47
"462",37,57,17,31,6,26,45,60,40,70,38,42,56,58,33,46,61,69,54,68,14,59,23,43,22,51,4,24,21,25,8,63,18,34,27,29,19,47,28,41,30,67,7,11,16,65,1,53,44,52,10,35,50,64,20,66,2,3,12,39
"463",15,46,2,56,10,64,3,47,8,27,13,49,39,41,34,62,43,51,14,19,54,55,36,57,24,31,9,33,6,50,5,68,45,61,38,52,22,59,48,53,29,32,23,66,12,44,28,42,35,67,4,37,17,30,16,18,58,72,21,70
"464",31,35,3,12,5,61,22,45,1,63,28,64,37,62,14,59,41,60,34,40,26,43,4,6,42,44,32,38,53,68,29,33,8,13,10,66,15,71,47,69,25,54,52,65,2,70,17,55,20,58,11,30,46,50,24,57,39,48,27,51
"465",22,37,61,68,6,30,57,64,17,39,62,72,2,38,15,58,54,63,27,48,10,67,4,33,7,8,3,16,21,40,41,46,14,70,9,13,23,55,31,71,43,53,18,52,19,42,32,35,51,56,26,28,34,49,1,44,24,50,47,65
"466",35,67,6,56,7,10,39,57,42,46,30,71,33,64,11,55,3,5,1,50,28,38,9,29,8,58,21,47,52,66,17,61,36,53,41,63,32,49,59,62,26,70,34,51,23,40,44,48,14,19,20,72,12,24,4,68,2,69,54,60
"467",12,40,47,62,7,70,20,48,42,51,3,64,57,58,11,44,10,37,1,56,18,45,27,36,19,65,31,61,21,28,38,39,25,26,50,60,41,66,15,72,49,63,4,59,2,43,6,67,29,55,24,68,13,23,30,69,54,71,5,14
"468",32,62,50,72,1,68,37,52,23,48,15,34,18,53,24,27,63,64,4,71,42,66,13,47,16,36,26,33,49,58,5,10,41,45,8,31,39,46,17,20,3,29,43,51,9,67,35,60,22,61,2,7,6,14,38,55,56,65,12,21
"469",65,70,3,52,12,31,34,67,7,37,21,44,28,58,26,59,46,63,40,72,15,51,18,35,32,56,17,68,23,41,8,39,2,20,9,25,4,61,29,42,1,11,24,55,5,47,54,71,30,69,22,66,10,62,48,50,33,49,36,60
"470",7,29,1,66,27,48,4,16,18,44,31,41,24,35,11,12,47,64,21,23,15,28,14,54,40,72,17,33,57,62,20,45,38,70,19,55,13,65,69,71,22,43,8,36,3,6,25,68,5,63,9,53,51,60,10,37,30,39,2,61
"471",43,71,18,59,4,42,62,69,7,31,28,51,21,38,56,67,9,30,33,65,23,41,8,29,13,37,47,61,15,26,20,25,55,68,54,72,40,50,5,58,48,70,63,64,1,35,36,44,2,6,45,66,14,57,39,49,3,22,32,53
"472",10,32,12,49,63,69,23,28,42,52,9,35,60,67,17,40,34,41,39,54,27,62,36,61,20,25,21,59,2,55,5,16,13,68,18,26,56,64,37,51,22,70,8,33,3,57,4,47,7,11,6,19,44,53,14,38,43,66,24,71
"473",39,61,45,67,24,28,32,68,42,72,3,29,40,48,13,71,23,63,30,34,9,65,4,14,22,69,11,59,19,64,56,62,52,66,47,51,2,54,12,46,26,27,33,58,17,36,38,43,10,57,6,20,1,18,37,50,31,53,21,55
"474",24,42,23,66,5,39,26,38,8,52,45,49,7,20,34,71,10,67,21,50,4,40,9,61,29,31,11,14,69,70,3,33,16,53,59,63,35,43,27,36,13,46,37,55,58,68,17,18,2,51,54,62,41,48,1,32,64,72,44,47
"475",23,25,31,33,17,56,65,71,44,66,15,59,28,51,13,48,22,24,18,70,35,62,58,60,45,46,38,57,16,34,9,26,21,37,8,49,14,42,2,32,11,19,52,69,7,68,4,27,3,36,5,54,20,39,12,50,40,47,30,53
"476",2,63,8,15,69,71,26,42,11,57,52,61,34,48,14,39,9,36,13,47,53,58,50,54,23,41,27,56,22,44,10,59,55,62,33,66,17,19,5,37,3,38,29,64,1,6,35,68,18,28,4,21,12,70,30,51,24,25,20,72
"477",1,24,22,30,8,49,2,18,6,28,19,66,31,62,20,45,15,52,17,71,58,65,14,44,4,37,5,33,7,69,12,23,50,61,10,63,43,64,11,55,9,59,13,54,32,72,16,48,21,42,35,38,25,39,57,60,53,70,41,56
"478",42,70,14,22,37,67,11,63,32,36,3,25,52,65,20,38,48,49,34,47,31,54,4,50,5,7,26,53,30,62,46,66,16,45,9,69,1,10,40,72,13,51,17,35,55,57,19,44,56,58,27,68,18,28,6,59,8,12,33,39
"479",17,62,54,65,55,64,47,53,18,56,1,7,20,41,16,36,26,52,22,46,24,71,10,49,4,29,63,66,34,70,11,42,35,61,44,69,25,32,8,68,14,58,6,57,37,39,19,51,13,59,31,48,67,72,27,40,38,45,30,50
"480",25,65,48,53,35,68,30,70,33,55,45,57,49,59,69,71,22,64,56,66,12,43,15,46,32,62,31,67,2,13,54,58,14,72,26,37,20,29,10,63,38,41,19,39,11,52,1,9,24,61,6,18,28,50,3,40,7,27,5,36
"481",19,42,50,57,30,68,22,32,21,49,26,54,6,62,4,14,16,46,45,61,12,41,33,34,13,40,1,66,24,59,55,60,53,71,25,63,28,56,5,11,17,65,44,48,8,36,27,37,7,35,2,64,38,39,29,70,31,58,10,15
"482",52,53,18,62,21,67,49,69,23,35,66,71,7,36,42,46,40,65,27,34,8,28,43,54,10,25,9,17,26,64,29,48,38,58,2,59,39,45,5,33,24,63,32,57,19,68,51,61,16,56,14,31,6,47,22,50,1,55,4,44
"483",44,59,48,69,6,9,21,42,4,57,36,68,22,23,1,54,5,46,10,16,14,43,2,15,7,18,26,40,50,71,32,61,8,70,33,63,13,67,24,52,49,51,28,35,29,34,17,56,31,66,20,60,41,55,27,39,11,72,53,64
"484",6,47,38,50,10,69,39,45,16,57,53,71,48,64,36,65,27,51,34,72,23,58,1,52,19,62,25,31,18,55,43,68,26,35,7,15,14,29,13,66,28,70,9,20,21,40,12,60,37,63,24,56,11,30,3,49,2,41,54,59
"485",22,71,44,57,45,65,35,63,2,14,5,31,47,58,13,28,16,48,60,64,29,50,12,30,25,56,7,11,6,55,49,62,18,69,32,40,8,23,1,67,41,54,17,42,51,68,37,59,15,26,21,43,9,34,3,61,10,20,4,36
"486",32,72,25,30,38,52,40,54,28,69,9,63,12,37,4,68,31,65,29,62,20,53,33,67,11,22,15,23,26,36,21,35,13,17,45,64,49,61,8,50,6,41,7,27,56,58,19,55,39,51,10,14,5,46,59,66,3,43,34,60
"487",12,47,37,70,61,62,46,49,5,14,32,67,27,35,2,23,13,33,9,24,1,42,4,21,50,64,38,45,52,57,10,20,7,28,48,51,3,17,6,22,55,72,19,60,8,69,25,43,11,15,34,68,63,71,54,66,40,53,26,65
"488",38,58,46,53,10,40,35,50,56,71,11,68,2,29,17,36,19,32,26,42,30,66,37,65,21,52,31,43,1,9,48,57,15,41,13,34,4,8,55,59,7,24,3,25,14,18,27,64,44,47,22,23,12,33,20,62,5,69,63,67
"489",22,61,2,33,24,71,15,26,16,62,10,68,44,54,59,70,39,41,5,37,25,27,4,66,9,43,1,11,64,65,42,67,13,31,20,72,23,49,35,48,51,69,3,53,36,57,47,50,6,38,28,46,21,56,14,52,32,58,34,60
"490",17,63,19,46,13,27,8,68,35,57,2,69,12,65,61,66,36,48,11,58,14,53,26,45,49,72,41,44,7,10,37,56,28,32,6,21,39,42,22,51,5,31,1,54,55,67,47,62,15,30,59,71,16,40,29,33,4,18,9,23
"491",2,23,35,42,1,25,32,54,22,57,44,62,29,47,6,66,38,59,14,72,16,27,7,65,37,43,33,60,17,21,26,70,40,69,20,46,8,58,24,51,61,63,12,18,10,31,48,50,41,68,5,55,19,36,28,52,13,39,64,71
"492",21,55,39,61,23,67,12,64,30,34,1,59,35,56,6,52,2,17,4,63,41,65,29,60,26,66,22,40,5,46,50,53,20,69,7,16,58,62,9,68,57,72,19,25,11,37,8,45,3,32,36,71,24,54,44,49,28,38,13,42
"493",44,54,33,39,48,60,43,55,1,8,4,30,62,71,32,72,13,50,29,47,15,45,27,68,14,63,11,21,31,69,49,64,18,23,25,34,19,38,59,67,26,61,36,51,2,42,35,40,37,57,46,53,20,41,22,56,58,65,10,66
"494",10,63,23,64,42,50,53,70,19,37,18,57,61,72,22,65,14,30,6,68,12,35,24,34,2,25,17,44,11,43,51,71,40,55,33,47,3,32,4,28,39,41,9,56,1,66,7,31,36,49,5,20,8,13,48,69,26,52,15,58
"495",50,56,4,51,8,63,7,54,46,68,5,36,11,60,38,49,21,45,67,69,19,26,2,18,22,29,25,33,15,72,59,65,30,48,62,66,6,41,9,10,16,71,24,57,44,61,1,14,28,47,39,40,58,70,17,35,53,55,23,34
"496",26,55,49,72,27,37,20,71,23,34,7,41,53,67,43,46,32,51,2,70,33,62,9,16,38,61,19,22,14,40,60,66,13,29,59,65,10,25,45,69,17,30,15,50,31,54,6,36,1,24,5,63,21,44,11,39,42,64,12,47
"497",47,50,15,72,12,14,9,70,20,36,10,19,66,68,38,49,34,42,54,60,5,52,33,71,44,61,3,69,46,62,8,28,51,55,45,59,26,57,11,43,25,31,23,48,22,67,7,63,13,39,2,53,1,4,24,41,6,32,18,29
"498",31,47,5,65,7,24,54,58,9,19,8,50,51,53,10,60,16,25,46,55,29,61,41,48,13,72,20,35,30,71,43,45,1,59,14,32,42,63,12,36,18,23,21,26,17,68,6,44,39,70,49,67,34,37,3,64,15,62,4,56
"499",44,72,20,55,7,42,16,23,10,12,21,46,17,29,24,61,49,66,18,39,33,50,8,43,51,53,27,69,6,13,3,59,35,37,15,58,4,9,36,71,41,47,26,67,19,68,34,45,30,64,40,60,25,38,48,57,2,32,1,52
"500",35,61,38,46,50,58,40,41,1,3,18,37,15,54,5,20,4,19,17,23,42,65,24,57,27,45,31,33,44,62,47,72,7,71,14,29,22,30,64,66,56,60,52,55,12,51,34,67,25,36,2,16,43,59,28,48,8,21,10,11
